0 verbose cli D:\Node.js\node.exe D:\Node.js\node_modules\npm\bin\npm-cli.js
1 info using npm@11.6.2
2 info using node@v24.12.0
3 silly config load:file:D:\Node.js\node_modules\npm\npmrc
4 silly config load:file:D:\Vue\ExerciseProject\localNote\.npmrc
5 silly config load:file:C:\Users\26534\.npmrc
6 silly config load:file:D:\Node.js\node_global\etc\npmrc
7 verbose title npm install
8 verbose argv "install" "--cache" ".npm-cache" "--no-audit" "--no-fund"
9 verbose logfile logs-max:10 dir:D:\Vue\ExerciseProject\localNote\.npm-cache\_logs\2026-07-28T04_53_46_531Z-
10 verbose logfile D:\Vue\ExerciseProject\localNote\.npm-cache\_logs\2026-07-28T04_53_46_531Z-debug-0.log
11 silly logfile done cleaning log files
12 silly packumentCache heap:4496293888 maxSize:1124073472 maxEntrySize:562036736
13 silly idealTree buildDeps
14 silly fetch manifest @tiptap/extension-highlight@^3.0.0
15 silly packumentCache full:http://mirrors.cloud.tencent.com/npm/@tiptap%2fextension-highlight cache-miss
16 http fetch GET 200 https://mirrors.cloud.tencent.com/npm/npm 461ms
17 http fetch GET 200 https://mirrors.cloud.tencent.com/npm/@tiptap%2fextension-highlight 700ms (cache miss)
18 silly packumentCache full:http://mirrors.cloud.tencent.com/npm/@tiptap%2fextension-highlight set size:undefined disposed:false
19 silly fetch manifest @tiptap/core@3.29.1
20 silly packumentCache full:http://mirrors.cloud.tencent.com/npm/@tiptap%2fcore cache-miss
21 http fetch GET 200 https://mirrors.cloud.tencent.com/npm/@tiptap%2fcore 945ms (cache miss)
22 silly packumentCache full:http://mirrors.cloud.tencent.com/npm/@tiptap%2fcore set size:undefined disposed:false
23 silly fetch manifest @tiptap/pm@3.29.1
24 silly packumentCache full:http://mirrors.cloud.tencent.com/npm/@tiptap%2fpm cache-miss
25 http fetch GET 200 https://mirrors.cloud.tencent.com/npm/@tiptap%2fpm 635ms (cache miss)
26 silly packumentCache full:http://mirrors.cloud.tencent.com/npm/@tiptap%2fpm set size:undefined disposed:false
27 silly fetch manifest @tiptap/extension-image@^3.0.0
28 silly packumentCache full:http://mirrors.cloud.tencent.com/npm/@tiptap%2fextension-image cache-miss
29 http fetch GET 200 https://mirrors.cloud.tencent.com/npm/@tiptap%2fextension-image 704ms (cache miss)
30 silly packumentCache full:http://mirrors.cloud.tencent.com/npm/@tiptap%2fextension-image set size:undefined disposed:false
31 silly fetch manifest @tiptap/extension-link@^3.0.0
32 silly packumentCache full:http://mirrors.cloud.tencent.com/npm/@tiptap%2fextension-link cache-miss
33 http fetch GET 200 https://mirrors.cloud.tencent.com/npm/@tiptap%2fextension-link 744ms (cache miss)
34 silly packumentCache full:http://mirrors.cloud.tencent.com/npm/@tiptap%2fextension-link set size:undefined disposed:false
35 silly fetch manifest @tiptap/extension-placeholder@^3.0.0
36 silly packumentCache full:http://mirrors.cloud.tencent.com/npm/@tiptap%2fextension-placeholder cache-miss
37 http fetch GET 200 https://mirrors.cloud.tencent.com/npm/@tiptap%2fextension-placeholder 557ms (cache miss)
38 silly packumentCache full:http://mirrors.cloud.tencent.com/npm/@tiptap%2fextension-placeholder set size:undefined disposed:false
39 silly fetch manifest @tiptap/extensions@3.29.1
40 silly packumentCache full:http://mirrors.cloud.tencent.com/npm/@tiptap%2fextensions cache-miss
41 http fetch GET 200 https://mirrors.cloud.tencent.com/npm/@tiptap%2fextensions 574ms (cache miss)
42 silly packumentCache full:http://mirrors.cloud.tencent.com/npm/@tiptap%2fextensions set size:undefined disposed:false
43 silly fetch manifest @tiptap/starter-kit@^3.0.0
44 silly packumentCache full:http://mirrors.cloud.tencent.com/npm/@tiptap%2fstarter-kit cache-miss
45 http fetch GET 200 https://mirrors.cloud.tencent.com/npm/@tiptap%2fstarter-kit 934ms (cache miss)
46 silly packumentCache full:http://mirrors.cloud.tencent.com/npm/@tiptap%2fstarter-kit set size:undefined disposed:false
47 silly fetch manifest @tiptap/vue-3@^3.0.0
48 silly packumentCache full:http://mirrors.cloud.tencent.com/npm/@tiptap%2fvue-3 cache-miss
49 http fetch GET 200 https://mirrors.cloud.tencent.com/npm/@tiptap%2fvue-3 657ms (cache miss)
50 silly packumentCache full:http://mirrors.cloud.tencent.com/npm/@tiptap%2fvue-3 set size:undefined disposed:false
51 silly fetch manifest @floating-ui/dom@^1.0.0
52 silly packumentCache full:http://mirrors.cloud.tencent.com/npm/@floating-ui%2fdom cache-miss
53 http fetch GET 200 https://mirrors.cloud.tencent.com/npm/@floating-ui%2fdom 285ms (cache miss)
54 silly packumentCache full:http://mirrors.cloud.tencent.com/npm/@floating-ui%2fdom set size:undefined disposed:false
55 silly fetch manifest vue@^3.5.0
56 silly packumentCache full:http://mirrors.cloud.tencent.com/npm/vue cache-miss
57 http fetch GET 200 https://mirrors.cloud.tencent.com/npm/vue 354ms (cache miss)
58 silly packumentCache full:http://mirrors.cloud.tencent.com/npm/vue set size:undefined disposed:false
59 silly fetch manifest typescript@*
60 silly packumentCache full:http://mirrors.cloud.tencent.com/npm/typescript cache-miss
61 http fetch GET 200 https://mirrors.cloud.tencent.com/npm/typescript 695ms (cache miss)
62 silly packumentCache full:http://mirrors.cloud.tencent.com/npm/typescript set size:undefined disposed:false
63 silly fetch manifest electron@^35.0.0
64 silly packumentCache full:http://mirrors.cloud.tencent.com/npm/electron cache-miss
65 http fetch GET 200 https://mirrors.cloud.tencent.com/npm/electron 849ms (cache miss)
66 silly packumentCache full:http://mirrors.cloud.tencent.com/npm/electron set size:undefined disposed:false
67 silly fetch manifest @vitejs/plugin-vue@^5.2.0
68 silly packumentCache full:http://mirrors.cloud.tencent.com/npm/@vitejs%2fplugin-vue cache-miss
69 http fetch GET 200 https://mirrors.cloud.tencent.com/npm/@vitejs%2fplugin-vue 408ms (cache miss)
70 silly packumentCache full:http://mirrors.cloud.tencent.com/npm/@vitejs%2fplugin-vue set size:undefined disposed:false
71 silly fetch manifest vite@^6.1.0
72 silly packumentCache full:http://mirrors.cloud.tencent.com/npm/vite cache-miss
73 http fetch GET 200 https://mirrors.cloud.tencent.com/npm/vite 1015ms (cache miss)
74 silly packumentCache full:http://mirrors.cloud.tencent.com/npm/vite set size:undefined disposed:false
75 silly fetch manifest @types/node@^18.0.0 || ^20.0.0 || >=22.0.0
76 silly packumentCache full:http://mirrors.cloud.tencent.com/npm/@types%2fnode cache-miss
77 http fetch GET 200 https://mirrors.cloud.tencent.com/npm/@types%2fnode 1448ms (cache miss)
78 silly packumentCache full:http://mirrors.cloud.tencent.com/npm/@types%2fnode set size:undefined disposed:false
79 silly fetch manifest jiti@>=1.21.0
80 silly packumentCache full:http://mirrors.cloud.tencent.com/npm/jiti cache-miss
81 http fetch GET 200 https://mirrors.cloud.tencent.com/npm/jiti 314ms (cache miss)
82 silly packumentCache full:http://mirrors.cloud.tencent.com/npm/jiti set size:undefined disposed:false
83 silly fetch manifest less@*
84 silly packumentCache full:http://mirrors.cloud.tencent.com/npm/less cache-miss
85 http fetch GET 200 https://mirrors.cloud.tencent.com/npm/less 324ms (cache miss)
86 silly packumentCache full:http://mirrors.cloud.tencent.com/npm/less set size:undefined disposed:false
87 silly fetch manifest lightningcss@^1.21.0
88 silly packumentCache full:http://mirrors.cloud.tencent.com/npm/lightningcss cache-miss
89 http fetch GET 200 https://mirrors.cloud.tencent.com/npm/lightningcss 379ms (cache miss)
90 silly packumentCache full:http://mirrors.cloud.tencent.com/npm/lightningcss set size:undefined disposed:false
91 silly fetch manifest sass@*
92 silly packumentCache full:http://mirrors.cloud.tencent.com/npm/sass cache-miss
93 http fetch GET 200 https://mirrors.cloud.tencent.com/npm/sass 344ms (cache miss)
94 silly packumentCache full:http://mirrors.cloud.tencent.com/npm/sass set size:undefined disposed:false
95 silly fetch manifest sass-embedded@*
96 silly packumentCache full:http://mirrors.cloud.tencent.com/npm/sass-embedded cache-miss
97 http fetch GET 200 https://mirrors.cloud.tencent.com/npm/sass-embedded 495ms (cache miss)
98 silly packumentCache full:http://mirrors.cloud.tencent.com/npm/sass-embedded set size:undefined disposed:false
99 silly fetch manifest stylus@*
100 silly packumentCache full:http://mirrors.cloud.tencent.com/npm/stylus cache-miss
101 http fetch GET 200 https://mirrors.cloud.tencent.com/npm/stylus 229ms (cache miss)
102 silly packumentCache full:http://mirrors.cloud.tencent.com/npm/stylus set size:undefined disposed:false
103 silly fetch manifest sugarss@*
104 silly packumentCache full:http://mirrors.cloud.tencent.com/npm/sugarss cache-miss
105 http fetch GET 200 https://mirrors.cloud.tencent.com/npm/sugarss 526ms (cache miss)
106 silly packumentCache full:http://mirrors.cloud.tencent.com/npm/sugarss set size:undefined disposed:false
107 silly fetch manifest postcss@^8.3.3
108 silly packumentCache full:http://mirrors.cloud.tencent.com/npm/postcss cache-miss
109 http fetch GET 200 https://mirrors.cloud.tencent.com/npm/postcss 451ms (cache miss)
110 silly packumentCache full:http://mirrors.cloud.tencent.com/npm/postcss set size:undefined disposed:false
111 silly fetch manifest terser@^5.16.0
112 silly packumentCache full:http://mirrors.cloud.tencent.com/npm/terser cache-miss
113 http fetch GET 200 https://mirrors.cloud.tencent.com/npm/terser 353ms (cache miss)
114 silly packumentCache full:http://mirrors.cloud.tencent.com/npm/terser set size:undefined disposed:false
115 silly fetch manifest tsx@^4.8.1
116 silly packumentCache full:http://mirrors.cloud.tencent.com/npm/tsx cache-miss
117 http fetch GET 200 https://mirrors.cloud.tencent.com/npm/tsx 395ms (cache miss)
118 silly packumentCache full:http://mirrors.cloud.tencent.com/npm/tsx set size:undefined disposed:false
119 silly fetch manifest yaml@^2.4.2
120 silly packumentCache full:http://mirrors.cloud.tencent.com/npm/yaml cache-miss
121 http fetch GET 200 https://mirrors.cloud.tencent.com/npm/yaml 480ms (cache miss)
122 silly packumentCache full:http://mirrors.cloud.tencent.com/npm/yaml set size:undefined disposed:false
123 silly fetch manifest concurrently@^9.1.0
124 silly packumentCache full:http://mirrors.cloud.tencent.com/npm/concurrently cache-miss
125 http fetch GET 200 https://mirrors.cloud.tencent.com/npm/concurrently 529ms (cache miss)
126 silly packumentCache full:http://mirrors.cloud.tencent.com/npm/concurrently set size:undefined disposed:false
127 silly fetch manifest wait-on@^8.0.0
128 silly packumentCache full:http://mirrors.cloud.tencent.com/npm/wait-on cache-miss
129 http fetch GET 200 https://mirrors.cloud.tencent.com/npm/wait-on 620ms (cache miss)
130 silly packumentCache full:http://mirrors.cloud.tencent.com/npm/wait-on set size:undefined disposed:false
131 silly placeDep ROOT @tiptap/extension-highlight@3.29.1 OK for: localnote@0.1.0 want: ^3.0.0
132 silly placeDep ROOT @tiptap/core@3.29.1 OK for: @tiptap/extension-highlight@3.29.1 want: 3.29.1
133 silly placeDep ROOT @tiptap/pm@3.29.1 OK for: @tiptap/core@3.29.1 want: 3.29.1
134 silly placeDep ROOT @tiptap/extension-image@3.29.1 OK for: localnote@0.1.0 want: ^3.0.0
135 silly placeDep ROOT @tiptap/extension-link@3.29.1 OK for: localnote@0.1.0 want: ^3.0.0
136 silly placeDep ROOT @tiptap/extension-placeholder@3.29.1 OK for: localnote@0.1.0 want: ^3.0.0
137 silly placeDep ROOT @tiptap/extensions@3.29.1 OK for: @tiptap/extension-placeholder@3.29.1 want: 3.29.1
138 silly placeDep ROOT @tiptap/starter-kit@3.29.1 OK for: localnote@0.1.0 want: ^3.0.0
139 silly placeDep ROOT @tiptap/vue-3@3.29.1 OK for: localnote@0.1.0 want: ^3.0.0
140 silly placeDep ROOT vue@3.5.40 OK for: @tiptap/vue-3@3.29.1 want: ^3.0.0
141 silly placeDep ROOT @floating-ui/dom@1.8.0 OK for: @tiptap/vue-3@3.29.1 want: ^1.0.0
142 silly placeDep ROOT @vitejs/plugin-vue@5.2.4 OK for: localnote@0.1.0 want: ^5.2.0
143 silly placeDep ROOT vite@6.4.3 OK for: @vitejs/plugin-vue@5.2.4 want: ^5.0.0 || ^6.0.0
144 silly placeDep ROOT concurrently@9.2.4 OK for: localnote@0.1.0 want: ^9.1.0
145 silly placeDep ROOT electron@35.7.5 OK for: localnote@0.1.0 want: ^35.0.0
146 silly placeDep ROOT wait-on@8.0.5 OK for: localnote@0.1.0 want: ^8.0.0
147 silly fetch manifest prosemirror-view@^1.41.9
148 silly packumentCache full:http://mirrors.cloud.tencent.com/npm/prosemirror-view cache-miss
149 silly fetch manifest prosemirror-model@^1.25.11
150 silly packumentCache full:http://mirrors.cloud.tencent.com/npm/prosemirror-model cache-miss
151 silly fetch manifest prosemirror-state@^1.4.4
152 silly packumentCache full:http://mirrors.cloud.tencent.com/npm/prosemirror-state cache-miss
153 silly fetch manifest prosemirror-keymap@^1.2.3
154 silly packumentCache full:http://mirrors.cloud.tencent.com/npm/prosemirror-keymap cache-miss
155 silly fetch manifest prosemirror-tables@^1.8.5
156 silly packumentCache full:http://mirrors.cloud.tencent.com/npm/prosemirror-tables cache-miss
157 silly fetch manifest prosemirror-history@^1.5.0
158 silly packumentCache full:http://mirrors.cloud.tencent.com/npm/prosemirror-history cache-miss
159 silly fetch manifest prosemirror-commands@^1.7.1
160 silly packumentCache full:http://mirrors.cloud.tencent.com/npm/prosemirror-commands cache-miss
161 silly fetch manifest prosemirror-changeset@^2.4.1
162 silly packumentCache full:http://mirrors.cloud.tencent.com/npm/prosemirror-changeset cache-miss
163 silly fetch manifest prosemirror-gapcursor@^1.4.1
164 silly packumentCache full:http://mirrors.cloud.tencent.com/npm/prosemirror-gapcursor cache-miss
165 silly fetch manifest prosemirror-transform@^1.12.0
166 silly packumentCache full:http://mirrors.cloud.tencent.com/npm/prosemirror-transform cache-miss
167 silly fetch manifest prosemirror-dropcursor@^1.8.2
168 silly packumentCache full:http://mirrors.cloud.tencent.com/npm/prosemirror-dropcursor cache-miss
169 silly fetch manifest prosemirror-inputrules@^1.5.1
170 silly packumentCache full:http://mirrors.cloud.tencent.com/npm/prosemirror-inputrules cache-miss
171 silly fetch manifest prosemirror-schema-list@^1.5.1
172 silly packumentCache full:http://mirrors.cloud.tencent.com/npm/prosemirror-schema-list cache-miss
173 silly fetch manifest linkifyjs@^4.3.3
174 silly packumentCache full:http://mirrors.cloud.tencent.com/npm/linkifyjs cache-miss
175 silly fetch manifest @tiptap/extension-bold@^3.29.1
176 silly packumentCache full:http://mirrors.cloud.tencent.com/npm/@tiptap%2fextension-bold cache-miss
177 http fetch GET 200 https://mirrors.cloud.tencent.com/npm/prosemirror-state 344ms (cache miss)
178 silly packumentCache full:http://mirrors.cloud.tencent.com/npm/prosemirror-state set size:undefined disposed:false
179 silly fetch manifest @tiptap/extension-code@^3.29.1
180 silly packumentCache full:http://mirrors.cloud.tencent.com/npm/@tiptap%2fextension-code cache-miss
181 http fetch GET 200 https://mirrors.cloud.tencent.com/npm/prosemirror-keymap 404ms (cache miss)
182 silly packumentCache full:http://mirrors.cloud.tencent.com/npm/prosemirror-keymap set size:undefined disposed:false
183 silly fetch manifest @tiptap/extension-list@^3.29.1
184 silly packumentCache full:http://mirrors.cloud.tencent.com/npm/@tiptap%2fextension-list cache-miss
185 http fetch GET 200 https://mirrors.cloud.tencent.com/npm/linkifyjs 517ms (cache miss)
186 silly packumentCache full:http://mirrors.cloud.tencent.com/npm/linkifyjs set size:undefined disposed:false
187 silly fetch manifest @tiptap/extension-text@^3.29.1
188 silly packumentCache full:http://mirrors.cloud.tencent.com/npm/@tiptap%2fextension-text cache-miss
189 http fetch GET 200 https://mirrors.cloud.tencent.com/npm/prosemirror-view 543ms (cache miss)
190 silly packumentCache full:http://mirrors.cloud.tencent.com/npm/prosemirror-view set size:undefined disposed:false
191 silly fetch manifest @tiptap/extension-italic@^3.29.1
192 silly packumentCache full:http://mirrors.cloud.tencent.com/npm/@tiptap%2fextension-italic cache-miss
193 http fetch GET 200 https://mirrors.cloud.tencent.com/npm/prosemirror-model 610ms (cache miss)
194 silly packumentCache full:http://mirrors.cloud.tencent.com/npm/prosemirror-model set size:undefined disposed:false
195 silly fetch manifest @tiptap/extension-strike@^3.29.1
196 silly packumentCache full:http://mirrors.cloud.tencent.com/npm/@tiptap%2fextension-strike cache-miss
197 http fetch GET 200 https://mirrors.cloud.tencent.com/npm/prosemirror-commands 614ms (cache miss)
198 silly packumentCache full:http://mirrors.cloud.tencent.com/npm/prosemirror-commands set size:undefined disposed:false
199 silly fetch manifest @tiptap/extension-heading@^3.29.1
200 silly packumentCache full:http://mirrors.cloud.tencent.com/npm/@tiptap%2fextension-heading cache-miss
201 http fetch GET 200 https://mirrors.cloud.tencent.com/npm/prosemirror-tables 625ms (cache miss)
202 silly packumentCache full:http://mirrors.cloud.tencent.com/npm/prosemirror-tables set size:undefined disposed:false
203 silly fetch manifest @tiptap/extension-document@^3.29.1
204 silly packumentCache full:http://mirrors.cloud.tencent.com/npm/@tiptap%2fextension-document cache-miss
205 http fetch GET 200 https://mirrors.cloud.tencent.com/npm/prosemirror-transform 673ms (cache miss)
206 silly packumentCache full:http://mirrors.cloud.tencent.com/npm/prosemirror-transform set size:undefined disposed:false
207 silly fetch manifest @tiptap/extension-gapcursor@^3.29.1
208 silly packumentCache full:http://mirrors.cloud.tencent.com/npm/@tiptap%2fextension-gapcursor cache-miss
209 http fetch GET 200 https://mirrors.cloud.tencent.com/npm/prosemirror-changeset 692ms (cache miss)
210 silly packumentCache full:http://mirrors.cloud.tencent.com/npm/prosemirror-changeset set size:undefined disposed:false
211 silly fetch manifest @tiptap/extension-list-item@^3.29.1
212 silly packumentCache full:http://mirrors.cloud.tencent.com/npm/@tiptap%2fextension-list-item cache-miss
213 http fetch GET 200 https://mirrors.cloud.tencent.com/npm/prosemirror-gapcursor 751ms (cache miss)
214 silly packumentCache full:http://mirrors.cloud.tencent.com/npm/prosemirror-gapcursor set size:undefined disposed:false
215 silly fetch manifest @tiptap/extension-paragraph@^3.29.1
216 silly packumentCache full:http://mirrors.cloud.tencent.com/npm/@tiptap%2fextension-paragraph cache-miss
217 http fetch GET 200 https://mirrors.cloud.tencent.com/npm/prosemirror-dropcursor 758ms (cache miss)
218 silly packumentCache full:http://mirrors.cloud.tencent.com/npm/prosemirror-dropcursor set size:undefined disposed:false
219 silly fetch manifest @tiptap/extension-underline@^3.29.1
220 silly packumentCache full:http://mirrors.cloud.tencent.com/npm/@tiptap%2fextension-underline cache-miss
221 http fetch GET 200 https://mirrors.cloud.tencent.com/npm/prosemirror-inputrules 772ms (cache miss)
222 silly packumentCache full:http://mirrors.cloud.tencent.com/npm/prosemirror-inputrules set size:undefined disposed:false
223 silly fetch manifest @tiptap/extension-blockquote@^3.29.1
224 silly packumentCache full:http://mirrors.cloud.tencent.com/npm/@tiptap%2fextension-blockquote cache-miss
225 http fetch GET 200 https://mirrors.cloud.tencent.com/npm/prosemirror-schema-list 794ms (cache miss)
226 silly packumentCache full:http://mirrors.cloud.tencent.com/npm/prosemirror-schema-list set size:undefined disposed:false
227 silly fetch manifest @tiptap/extension-code-block@^3.29.1
228 silly packumentCache full:http://mirrors.cloud.tencent.com/npm/@tiptap%2fextension-code-block cache-miss
229 http fetch GET 200 https://mirrors.cloud.tencent.com/npm/prosemirror-history 803ms (cache miss)
230 silly packumentCache full:http://mirrors.cloud.tencent.com/npm/prosemirror-history set size:undefined disposed:false
231 silly fetch manifest @tiptap/extension-dropcursor@^3.29.1
232 silly packumentCache full:http://mirrors.cloud.tencent.com/npm/@tiptap%2fextension-dropcursor cache-miss
233 http fetch GET 200 https://mirrors.cloud.tencent.com/npm/@tiptap%2fextension-code 482ms (cache miss)
234 silly packumentCache full:http://mirrors.cloud.tencent.com/npm/@tiptap%2fextension-code set size:undefined disposed:false
235 silly fetch manifest @tiptap/extension-hard-break@^3.29.1
236 silly packumentCache full:http://mirrors.cloud.tencent.com/npm/@tiptap%2fextension-hard-break cache-miss
237 http fetch GET 200 https://mirrors.cloud.tencent.com/npm/@tiptap%2fextension-bold 881ms (cache miss)
238 silly packumentCache full:http://mirrors.cloud.tencent.com/npm/@tiptap%2fextension-bold set size:undefined disposed:false
239 silly fetch manifest @tiptap/extension-bullet-list@^3.29.1
240 silly packumentCache full:http://mirrors.cloud.tencent.com/npm/@tiptap%2fextension-bullet-list cache-miss
241 http fetch GET 200 https://mirrors.cloud.tencent.com/npm/@tiptap%2fextension-list 597ms (cache miss)
242 silly packumentCache full:http://mirrors.cloud.tencent.com/npm/@tiptap%2fextension-list set size:undefined disposed:false
243 silly fetch manifest @tiptap/extension-list-keymap@^3.29.1
244 silly packumentCache full:http://mirrors.cloud.tencent.com/npm/@tiptap%2fextension-list-keymap cache-miss
245 http fetch GET 200 https://mirrors.cloud.tencent.com/npm/@tiptap%2fextension-italic 594ms (cache miss)
246 silly packumentCache full:http://mirrors.cloud.tencent.com/npm/@tiptap%2fextension-italic set size:undefined disposed:false
247 silly fetch manifest @tiptap/extension-ordered-list@^3.29.1
248 silly packumentCache full:http://mirrors.cloud.tencent.com/npm/@tiptap%2fextension-ordered-list cache-miss
249 http fetch GET 200 https://mirrors.cloud.tencent.com/npm/@tiptap%2fextension-text 716ms (cache miss)
250 silly packumentCache full:http://mirrors.cloud.tencent.com/npm/@tiptap%2fextension-text set size:undefined disposed:false
251 silly fetch manifest @tiptap/extension-horizontal-rule@^3.29.1
252 silly packumentCache full:http://mirrors.cloud.tencent.com/npm/@tiptap%2fextension-horizontal-rule cache-miss
253 http fetch GET 200 https://mirrors.cloud.tencent.com/npm/@tiptap%2fextension-heading 646ms (cache miss)
254 silly packumentCache full:http://mirrors.cloud.tencent.com/npm/@tiptap%2fextension-heading set size:undefined disposed:false
255 silly fetch manifest @tiptap/extension-bubble-menu@^3.29.1
256 silly packumentCache full:http://mirrors.cloud.tencent.com/npm/@tiptap%2fextension-bubble-menu cache-miss
257 http fetch GET 200 https://mirrors.cloud.tencent.com/npm/@tiptap%2fextension-list-item 641ms (cache miss)
258 silly packumentCache full:http://mirrors.cloud.tencent.com/npm/@tiptap%2fextension-list-item set size:undefined disposed:false
259 silly fetch manifest @tiptap/extension-floating-menu@^3.29.1
260 silly packumentCache full:http://mirrors.cloud.tencent.com/npm/@tiptap%2fextension-floating-menu cache-miss
261 http fetch GET 200 https://mirrors.cloud.tencent.com/npm/@tiptap%2fextension-strike 729ms (cache miss)
262 silly packumentCache full:http://mirrors.cloud.tencent.com/npm/@tiptap%2fextension-strike set size:undefined disposed:false
263 silly fetch manifest @floating-ui/core@^1.8.0
264 silly packumentCache full:http://mirrors.cloud.tencent.com/npm/@floating-ui%2fcore cache-miss
265 http fetch GET 200 https://mirrors.cloud.tencent.com/npm/@tiptap%2fextension-document 729ms (cache miss)
266 silly packumentCache full:http://mirrors.cloud.tencent.com/npm/@tiptap%2fextension-document set size:undefined disposed:false
267 silly fetch manifest @floating-ui/utils@^0.2.12
268 silly packumentCache full:http://mirrors.cloud.tencent.com/npm/@floating-ui%2futils cache-miss
269 http fetch GET 200 https://mirrors.cloud.tencent.com/npm/@tiptap%2fextension-underline 709ms (cache miss)
270 silly packumentCache full:http://mirrors.cloud.tencent.com/npm/@tiptap%2fextension-underline set size:undefined disposed:false
271 silly fetch manifest @vue/shared@3.5.40
272 silly packumentCache full:http://mirrors.cloud.tencent.com/npm/@vue%2fshared cache-miss
273 http fetch GET 200 https://mirrors.cloud.tencent.com/npm/@tiptap%2fextension-paragraph 743ms (cache miss)
274 silly packumentCache full:http://mirrors.cloud.tencent.com/npm/@tiptap%2fextension-paragraph set size:undefined disposed:false
275 silly fetch manifest @vue/runtime-dom@3.5.40
276 silly packumentCache full:http://mirrors.cloud.tencent.com/npm/@vue%2fruntime-dom cache-miss
277 http fetch GET 200 https://mirrors.cloud.tencent.com/npm/@tiptap%2fextension-code-block 739ms (cache miss)
278 silly packumentCache full:http://mirrors.cloud.tencent.com/npm/@tiptap%2fextension-code-block set size:undefined disposed:false
279 silly fetch manifest @vue/compiler-dom@3.5.40
280 silly packumentCache full:http://mirrors.cloud.tencent.com/npm/@vue%2fcompiler-dom cache-miss
281 http fetch GET 200 https://mirrors.cloud.tencent.com/npm/@tiptap%2fextension-blockquote 783ms (cache miss)
282 silly packumentCache full:http://mirrors.cloud.tencent.com/npm/@tiptap%2fextension-blockquote set size:undefined disposed:false
283 silly fetch manifest @vue/compiler-sfc@3.5.40
284 silly packumentCache full:http://mirrors.cloud.tencent.com/npm/@vue%2fcompiler-sfc cache-miss
285 http fetch GET 200 https://mirrors.cloud.tencent.com/npm/@tiptap%2fextension-dropcursor 773ms (cache miss)
286 silly packumentCache full:http://mirrors.cloud.tencent.com/npm/@tiptap%2fextension-dropcursor set size:undefined disposed:false
287 silly fetch manifest @vue/server-renderer@3.5.40
288 silly packumentCache full:http://mirrors.cloud.tencent.com/npm/@vue%2fserver-renderer cache-miss
289 http fetch GET 200 https://mirrors.cloud.tencent.com/npm/@tiptap%2fextension-hard-break 760ms (cache miss)
290 silly packumentCache full:http://mirrors.cloud.tencent.com/npm/@tiptap%2fextension-hard-break set size:undefined disposed:false
291 silly fetch manifest esbuild@^0.25.0
292 silly packumentCache full:http://mirrors.cloud.tencent.com/npm/esbuild cache-miss
293 http fetch GET 200 https://mirrors.cloud.tencent.com/npm/@tiptap%2fextension-gapcursor 942ms (cache miss)
294 silly packumentCache full:http://mirrors.cloud.tencent.com/npm/@tiptap%2fextension-gapcursor set size:undefined disposed:false
295 silly fetch manifest fdir@^6.4.4
296 silly packumentCache full:http://mirrors.cloud.tencent.com/npm/fdir cache-miss
297 http fetch GET 200 https://mirrors.cloud.tencent.com/npm/@tiptap%2fextension-bullet-list 735ms (cache miss)
298 silly packumentCache full:http://mirrors.cloud.tencent.com/npm/@tiptap%2fextension-bullet-list set size:undefined disposed:false
299 silly fetch manifest picomatch@^4.0.2
300 silly packumentCache full:http://mirrors.cloud.tencent.com/npm/picomatch cache-miss
301 http fetch GET 200 https://mirrors.cloud.tencent.com/npm/@tiptap%2fextension-list-keymap 632ms (cache miss)
302 silly packumentCache full:http://mirrors.cloud.tencent.com/npm/@tiptap%2fextension-list-keymap set size:undefined disposed:false
303 silly fetch manifest postcss@^8.5.3
304 silly packumentCache full:http://mirrors.cloud.tencent.com/npm/postcss cache-miss
305 http cache https://mirrors.cloud.tencent.com/npm/postcss 77ms (cache hit)
306 silly packumentCache full:http://mirrors.cloud.tencent.com/npm/postcss set size:512029 disposed:false
307 silly fetch manifest rollup@^4.34.9
308 silly packumentCache full:http://mirrors.cloud.tencent.com/npm/rollup cache-miss
309 http fetch GET 200 https://mirrors.cloud.tencent.com/npm/@floating-ui%2fcore 435ms (cache miss)
310 silly packumentCache full:http://mirrors.cloud.tencent.com/npm/@floating-ui%2fcore set size:undefined disposed:false
311 silly fetch manifest tinyglobby@^0.2.13
312 silly packumentCache full:http://mirrors.cloud.tencent.com/npm/tinyglobby cache-miss
313 http fetch GET 200 https://mirrors.cloud.tencent.com/npm/@tiptap%2fextension-bubble-menu 529ms (cache miss)
314 silly packumentCache full:http://mirrors.cloud.tencent.com/npm/@tiptap%2fextension-bubble-menu set size:undefined disposed:false
315 silly fetch manifest fsevents@~2.3.3
316 silly packumentCache full:http://mirrors.cloud.tencent.com/npm/fsevents cache-miss
317 http fetch GET 200 https://mirrors.cloud.tencent.com/npm/@tiptap%2fextension-horizontal-rule 567ms (cache miss)
318 silly packumentCache full:http://mirrors.cloud.tencent.com/npm/@tiptap%2fextension-horizontal-rule set size:undefined disposed:false
319 silly fetch manifest chalk@4.1.2
320 silly packumentCache full:http://mirrors.cloud.tencent.com/npm/chalk cache-miss
321 http fetch GET 200 https://mirrors.cloud.tencent.com/npm/@vue%2fshared 360ms (cache miss)
322 silly packumentCache full:http://mirrors.cloud.tencent.com/npm/@vue%2fshared set size:undefined disposed:false
323 silly fetch manifest rxjs@7.8.2
324 silly packumentCache full:http://mirrors.cloud.tencent.com/npm/rxjs cache-miss
325 http fetch GET 200 https://mirrors.cloud.tencent.com/npm/esbuild 270ms (cache miss)
326 silly packumentCache full:http://mirrors.cloud.tencent.com/npm/esbuild set size:undefined disposed:false
327 silly fetch manifest shell-quote@1.9.0
328 silly packumentCache full:http://mirrors.cloud.tencent.com/npm/shell-quote cache-miss
329 http fetch GET 200 https://mirrors.cloud.tencent.com/npm/@floating-ui%2futils 548ms (cache miss)
330 silly packumentCache full:http://mirrors.cloud.tencent.com/npm/@floating-ui%2futils set size:undefined disposed:false
331 silly fetch manifest supports-color@8.1.1
332 silly packumentCache full:http://mirrors.cloud.tencent.com/npm/supports-color cache-miss
333 http fetch GET 200 https://mirrors.cloud.tencent.com/npm/@tiptap%2fextension-ordered-list 783ms (cache miss)
334 silly packumentCache full:http://mirrors.cloud.tencent.com/npm/@tiptap%2fextension-ordered-list set size:undefined disposed:false
335 silly fetch manifest tree-kill@1.2.2
336 silly packumentCache full:http://mirrors.cloud.tencent.com/npm/tree-kill cache-miss
337 http fetch GET 200 https://mirrors.cloud.tencent.com/npm/@vue%2fruntime-dom 445ms (cache miss)
338 silly packumentCache full:http://mirrors.cloud.tencent.com/npm/@vue%2fruntime-dom set size:undefined disposed:false
339 silly fetch manifest yargs@17.7.2
340 silly packumentCache full:http://mirrors.cloud.tencent.com/npm/yargs cache-miss
341 http fetch GET 200 https://mirrors.cloud.tencent.com/npm/@vue%2fcompiler-dom 472ms (cache miss)
342 silly packumentCache full:http://mirrors.cloud.tencent.com/npm/@vue%2fcompiler-dom set size:undefined disposed:false
343 silly fetch manifest @types/node@^22.7.7
344 silly packumentCache full:http://mirrors.cloud.tencent.com/npm/@types%2fnode cache-miss
345 http fetch GET 200 https://mirrors.cloud.tencent.com/npm/fdir 424ms (cache miss)
346 silly packumentCache full:http://mirrors.cloud.tencent.com/npm/fdir set size:undefined disposed:false
347 silly fetch manifest extract-zip@^2.0.1
348 silly packumentCache full:http://mirrors.cloud.tencent.com/npm/extract-zip cache-miss
349 http fetch GET 200 https://mirrors.cloud.tencent.com/npm/@vue%2fserver-renderer 508ms (cache miss)
350 silly packumentCache full:http://mirrors.cloud.tencent.com/npm/@vue%2fserver-renderer set size:undefined disposed:false
351 silly fetch manifest @electron/get@^2.0.0
352 silly packumentCache full:http://mirrors.cloud.tencent.com/npm/@electron%2fget cache-miss
353 http fetch GET 200 https://mirrors.cloud.tencent.com/npm/picomatch 471ms (cache miss)
354 silly packumentCache full:http://mirrors.cloud.tencent.com/npm/picomatch set size:undefined disposed:false
355 silly fetch manifest joi@^18.0.1
356 silly packumentCache full:http://mirrors.cloud.tencent.com/npm/joi cache-miss
357 http cache https://mirrors.cloud.tencent.com/npm/@types%2fnode 119ms (cache hit)
358 silly packumentCache full:http://mirrors.cloud.tencent.com/npm/@types%2fnode set size:16372115 disposed:false
359 silly fetch manifest rxjs@^7.8.2
360 silly packumentCache full:http://mirrors.cloud.tencent.com/npm/rxjs cache-miss
361 http fetch GET 200 https://mirrors.cloud.tencent.com/npm/shell-quote 365ms (cache miss)
362 silly packumentCache full:http://mirrors.cloud.tencent.com/npm/shell-quote set size:undefined disposed:false
363 silly fetch manifest axios@^1.12.1
364 silly packumentCache full:http://mirrors.cloud.tencent.com/npm/axios cache-miss
365 http fetch GET 200 https://mirrors.cloud.tencent.com/npm/@vue%2fcompiler-sfc 704ms (cache miss)
366 silly packumentCache full:http://mirrors.cloud.tencent.com/npm/@vue%2fcompiler-sfc set size:undefined disposed:false
367 silly fetch manifest lodash@^4.17.21
368 silly packumentCache full:http://mirrors.cloud.tencent.com/npm/lodash cache-miss
369 http fetch GET 200 https://mirrors.cloud.tencent.com/npm/tinyglobby 501ms (cache miss)
370 silly packumentCache full:http://mirrors.cloud.tencent.com/npm/tinyglobby set size:undefined disposed:false
371 silly fetch manifest minimist@^1.2.8
372 silly packumentCache full:http://mirrors.cloud.tencent.com/npm/minimist cache-miss
373 http fetch GET 200 https://mirrors.cloud.tencent.com/npm/fsevents 490ms (cache miss)
374 silly packumentCache full:http://mirrors.cloud.tencent.com/npm/fsevents set size:undefined disposed:false
375 http fetch GET 200 https://mirrors.cloud.tencent.com/npm/@tiptap%2fextension-floating-menu 966ms (cache miss)
376 silly packumentCache full:http://mirrors.cloud.tencent.com/npm/@tiptap%2fextension-floating-menu set size:undefined disposed:false
377 http fetch GET 200 https://mirrors.cloud.tencent.com/npm/supports-color 410ms (cache miss)
378 silly packumentCache full:http://mirrors.cloud.tencent.com/npm/supports-color set size:undefined disposed:false
379 http fetch GET 200 https://mirrors.cloud.tencent.com/npm/chalk 503ms (cache miss)
380 silly packumentCache full:http://mirrors.cloud.tencent.com/npm/chalk set size:undefined disposed:false
381 http fetch GET 200 https://mirrors.cloud.tencent.com/npm/rxjs 498ms (cache miss)
382 silly packumentCache full:http://mirrors.cloud.tencent.com/npm/rxjs set size:undefined disposed:false
383 http fetch GET 200 https://mirrors.cloud.tencent.com/npm/yargs 418ms (cache miss)
384 silly packumentCache full:http://mirrors.cloud.tencent.com/npm/yargs set size:undefined disposed:false
385 http fetch GET 200 https://mirrors.cloud.tencent.com/npm/tree-kill 498ms (cache miss)
386 silly packumentCache full:http://mirrors.cloud.tencent.com/npm/tree-kill set size:undefined disposed:false
387 http fetch GET 200 https://mirrors.cloud.tencent.com/npm/rollup 723ms (cache miss)
388 silly packumentCache full:http://mirrors.cloud.tencent.com/npm/rollup set size:undefined disposed:false
389 http fetch GET 200 https://mirrors.cloud.tencent.com/npm/minimist 235ms (cache miss)
390 silly packumentCache full:http://mirrors.cloud.tencent.com/npm/minimist set size:undefined disposed:false
391 http fetch GET 200 https://mirrors.cloud.tencent.com/npm/extract-zip 483ms (cache miss)
392 silly packumentCache full:http://mirrors.cloud.tencent.com/npm/extract-zip set size:undefined disposed:false
393 http fetch GET 200 https://mirrors.cloud.tencent.com/npm/joi 512ms (cache miss)
394 silly packumentCache full:http://mirrors.cloud.tencent.com/npm/joi set size:undefined disposed:false
395 http fetch GET 200 https://mirrors.cloud.tencent.com/npm/lodash 382ms (cache miss)
396 silly packumentCache full:http://mirrors.cloud.tencent.com/npm/lodash set size:undefined disposed:false
397 http fetch GET 200 https://mirrors.cloud.tencent.com/npm/rxjs 495ms (cache miss)
398 silly packumentCache full:http://mirrors.cloud.tencent.com/npm/rxjs set size:undefined disposed:false
399 http fetch GET 200 https://mirrors.cloud.tencent.com/npm/axios 532ms (cache miss)
400 silly packumentCache full:http://mirrors.cloud.tencent.com/npm/axios set size:undefined disposed:false
401 http fetch GET 200 https://mirrors.cloud.tencent.com/npm/@electron%2fget 718ms (cache miss)
402 silly packumentCache full:http://mirrors.cloud.tencent.com/npm/@electron%2fget set size:undefined disposed:false
403 silly placeDep ROOT @floating-ui/core@1.8.0 OK for: @floating-ui/dom@1.8.0 want: ^1.8.0
404 silly placeDep ROOT @floating-ui/utils@0.2.12 OK for: @floating-ui/dom@1.8.0 want: ^0.2.12
405 silly placeDep ROOT linkifyjs@4.3.3 OK for: @tiptap/extension-link@3.29.1 want: ^4.3.3
406 silly placeDep ROOT prosemirror-changeset@2.4.1 OK for: @tiptap/pm@3.29.1 want: ^2.4.1
407 silly placeDep ROOT prosemirror-commands@1.7.1 OK for: @tiptap/pm@3.29.1 want: ^1.7.1
408 silly placeDep ROOT prosemirror-dropcursor@1.8.3 OK for: @tiptap/pm@3.29.1 want: ^1.8.2
409 silly placeDep ROOT prosemirror-gapcursor@1.4.1 OK for: @tiptap/pm@3.29.1 want: ^1.4.1
410 silly placeDep ROOT prosemirror-history@1.5.0 OK for: @tiptap/pm@3.29.1 want: ^1.5.0
411 silly placeDep ROOT prosemirror-inputrules@1.5.1 OK for: @tiptap/pm@3.29.1 want: ^1.5.1
412 silly placeDep ROOT prosemirror-keymap@1.2.3 OK for: @tiptap/pm@3.29.1 want: ^1.2.3
413 silly placeDep ROOT prosemirror-model@1.25.11 OK for: @tiptap/pm@3.29.1 want: ^1.25.11
414 silly placeDep ROOT prosemirror-schema-list@1.5.1 OK for: @tiptap/pm@3.29.1 want: ^1.5.1
415 silly placeDep ROOT prosemirror-state@1.4.4 OK for: @tiptap/pm@3.29.1 want: ^1.4.4
416 silly placeDep ROOT prosemirror-tables@1.8.5 OK for: @tiptap/pm@3.29.1 want: ^1.8.5
417 silly placeDep ROOT prosemirror-transform@1.12.0 OK for: @tiptap/pm@3.29.1 want: ^1.12.0
418 silly placeDep ROOT prosemirror-view@1.42.2 OK for: @tiptap/pm@3.29.1 want: ^1.41.9
419 silly fetch manifest prosemirror-transform@^1.0.0
420 silly packumentCache full:http://mirrors.cloud.tencent.com/npm/prosemirror-transform cache-miss
421 silly fetch manifest prosemirror-model@^1.0.0
422 silly packumentCache full:http://mirrors.cloud.tencent.com/npm/prosemirror-model cache-miss
423 silly fetch manifest prosemirror-transform@^1.10.2
424 silly packumentCache full:http://mirrors.cloud.tencent.com/npm/prosemirror-transform cache-miss
425 silly fetch manifest prosemirror-state@^1.0.0
426 silly packumentCache full:http://mirrors.cloud.tencent.com/npm/prosemirror-state cache-miss
427 silly fetch manifest prosemirror-state@^1.0.0
428 silly packumentCache full:http://mirrors.cloud.tencent.com/npm/prosemirror-state cache-miss
429 silly fetch manifest prosemirror-view@^1.1.0
430 silly packumentCache full:http://mirrors.cloud.tencent.com/npm/prosemirror-view cache-miss
431 silly fetch manifest prosemirror-transform@^1.1.0
432 silly packumentCache full:http://mirrors.cloud.tencent.com/npm/prosemirror-transform cache-miss
433 silly fetch manifest prosemirror-keymap@^1.0.0
434 silly packumentCache full:http://mirrors.cloud.tencent.com/npm/prosemirror-keymap cache-miss
435 silly fetch manifest prosemirror-model@^1.0.0
436 silly packumentCache full:http://mirrors.cloud.tencent.com/npm/prosemirror-model cache-miss
437 silly fetch manifest prosemirror-state@^1.0.0
438 silly packumentCache full:http://mirrors.cloud.tencent.com/npm/prosemirror-state cache-miss
439 silly fetch manifest prosemirror-view@^1.0.0
440 silly packumentCache full:http://mirrors.cloud.tencent.com/npm/prosemirror-view cache-miss
441 silly fetch manifest prosemirror-state@^1.2.2
442 silly packumentCache full:http://mirrors.cloud.tencent.com/npm/prosemirror-state cache-miss
443 silly fetch manifest prosemirror-transform@^1.0.0
444 silly packumentCache full:http://mirrors.cloud.tencent.com/npm/prosemirror-transform cache-miss
445 silly fetch manifest prosemirror-view@^1.31.0
446 silly packumentCache full:http://mirrors.cloud.tencent.com/npm/prosemirror-view cache-miss
447 silly fetch manifest rope-sequence@^1.3.0
448 silly packumentCache full:http://mirrors.cloud.tencent.com/npm/rope-sequence cache-miss
449 http cache https://mirrors.cloud.tencent.com/npm/prosemirror-state 82ms (cache hit)
450 silly packumentCache full:http://mirrors.cloud.tencent.com/npm/prosemirror-state set size:100417 disposed:false
451 silly fetch manifest prosemirror-transform@^1.0.0
452 silly packumentCache full:http://mirrors.cloud.tencent.com/npm/prosemirror-transform cache-miss
453 http cache https://mirrors.cloud.tencent.com/npm/prosemirror-state 82ms (cache hit)
454 silly packumentCache full:http://mirrors.cloud.tencent.com/npm/prosemirror-state set size:100417 disposed:false
455 silly packumentCache full:http://mirrors.cloud.tencent.com/npm/prosemirror-state dispose
456 silly fetch manifest w3c-keyname@^2.2.0
457 silly packumentCache full:http://mirrors.cloud.tencent.com/npm/w3c-keyname cache-miss
458 http cache https://mirrors.cloud.tencent.com/npm/prosemirror-view 87ms (cache hit)
459 silly packumentCache full:http://mirrors.cloud.tencent.com/npm/prosemirror-view set size:936135 disposed:false
460 silly fetch manifest orderedmap@^2.0.0
461 silly packumentCache full:http://mirrors.cloud.tencent.com/npm/orderedmap cache-miss
462 http cache https://mirrors.cloud.tencent.com/npm/prosemirror-transform 122ms (cache hit)
463 silly packumentCache full:http://mirrors.cloud.tencent.com/npm/prosemirror-transform set size:213748 disposed:false
464 silly fetch manifest prosemirror-transform@^1.7.3
465 silly packumentCache full:http://mirrors.cloud.tencent.com/npm/prosemirror-transform cache-hit
466 silly fetch manifest prosemirror-transform@^1.0.0
467 silly packumentCache full:http://mirrors.cloud.tencent.com/npm/prosemirror-transform cache-hit
468 silly fetch manifest prosemirror-view@^1.27.0
469 silly packumentCache full:http://mirrors.cloud.tencent.com/npm/prosemirror-view cache-hit
470 silly fetch manifest prosemirror-transform@^1.10.5
471 silly packumentCache full:http://mirrors.cloud.tencent.com/npm/prosemirror-transform cache-hit
472 silly fetch manifest prosemirror-view@^1.41.4
473 silly packumentCache full:http://mirrors.cloud.tencent.com/npm/prosemirror-view cache-hit
474 http cache https://mirrors.cloud.tencent.com/npm/prosemirror-model 132ms (cache hit)
475 silly packumentCache full:http://mirrors.cloud.tencent.com/npm/prosemirror-model set size:268256 disposed:false
476 http cache https://mirrors.cloud.tencent.com/npm/prosemirror-view 133ms (cache hit)
477 silly packumentCache full:http://mirrors.cloud.tencent.com/npm/prosemirror-view set size:936135 disposed:false
478 silly packumentCache full:http://mirrors.cloud.tencent.com/npm/prosemirror-view dispose
479 http cache https://mirrors.cloud.tencent.com/npm/prosemirror-state 140ms (cache hit)
480 silly packumentCache full:http://mirrors.cloud.tencent.com/npm/prosemirror-state set size:100417 disposed:true
481 silly packumentCache full:http://mirrors.cloud.tencent.com/npm/prosemirror-state dispose
482 http cache https://mirrors.cloud.tencent.com/npm/prosemirror-transform 144ms (cache hit)
483 silly packumentCache full:http://mirrors.cloud.tencent.com/npm/prosemirror-transform set size:213748 disposed:false
484 silly packumentCache full:http://mirrors.cloud.tencent.com/npm/prosemirror-transform dispose
485 http cache https://mirrors.cloud.tencent.com/npm/prosemirror-keymap 143ms (cache hit)
486 silly packumentCache full:http://mirrors.cloud.tencent.com/npm/prosemirror-keymap set size:76055 disposed:false
487 http cache https://mirrors.cloud.tencent.com/npm/prosemirror-state 146ms (cache hit)
488 silly packumentCache full:http://mirrors.cloud.tencent.com/npm/prosemirror-state set size:100417 disposed:true
489 silly packumentCache full:http://mirrors.cloud.tencent.com/npm/prosemirror-state dispose
490 http cache https://mirrors.cloud.tencent.com/npm/prosemirror-transform 146ms (cache hit)
491 silly packumentCache full:http://mirrors.cloud.tencent.com/npm/prosemirror-transform set size:213748 disposed:true
492 silly packumentCache full:http://mirrors.cloud.tencent.com/npm/prosemirror-transform dispose
493 http cache https://mirrors.cloud.tencent.com/npm/prosemirror-model 149ms (cache hit)
494 silly packumentCache full:http://mirrors.cloud.tencent.com/npm/prosemirror-model set size:268256 disposed:false
495 silly packumentCache full:http://mirrors.cloud.tencent.com/npm/prosemirror-model dispose
496 http cache https://mirrors.cloud.tencent.com/npm/prosemirror-transform 161ms (cache hit)
497 silly packumentCache full:http://mirrors.cloud.tencent.com/npm/prosemirror-transform set size:213748 disposed:true
498 silly packumentCache full:http://mirrors.cloud.tencent.com/npm/prosemirror-transform dispose
499 http cache https://mirrors.cloud.tencent.com/npm/prosemirror-view 168ms (cache hit)
500 silly packumentCache full:http://mirrors.cloud.tencent.com/npm/prosemirror-view set size:936135 disposed:true
501 silly packumentCache full:http://mirrors.cloud.tencent.com/npm/prosemirror-view dispose
502 http cache https://mirrors.cloud.tencent.com/npm/prosemirror-transform 95ms (cache hit)
503 silly packumentCache full:http://mirrors.cloud.tencent.com/npm/prosemirror-transform set size:213748 disposed:true
504 silly packumentCache full:http://mirrors.cloud.tencent.com/npm/prosemirror-transform dispose
505 http fetch GET 200 https://mirrors.cloud.tencent.com/npm/rope-sequence 273ms (cache miss)
506 silly packumentCache full:http://mirrors.cloud.tencent.com/npm/rope-sequence set size:undefined disposed:false
507 http fetch GET 200 https://mirrors.cloud.tencent.com/npm/w3c-keyname 375ms (cache miss)
508 silly packumentCache full:http://mirrors.cloud.tencent.com/npm/w3c-keyname set size:undefined disposed:false
509 http fetch GET 200 https://mirrors.cloud.tencent.com/npm/orderedmap 624ms (cache miss)
510 silly packumentCache full:http://mirrors.cloud.tencent.com/npm/orderedmap set size:undefined disposed:false
511 silly fetch manifest @tiptap/core@^3.29.1
512 silly packumentCache full:http://mirrors.cloud.tencent.com/npm/@tiptap%2fcore cache-miss
513 http cache https://mirrors.cloud.tencent.com/npm/@tiptap%2fcore 80ms (cache hit)
514 silly packumentCache full:http://mirrors.cloud.tencent.com/npm/@tiptap%2fcore set size:1812727 disposed:false
515 silly fetch manifest @tiptap/pm@^3.29.1
516 silly packumentCache full:http://mirrors.cloud.tencent.com/npm/@tiptap%2fpm cache-miss
517 http cache https://mirrors.cloud.tencent.com/npm/@tiptap%2fpm 78ms (cache hit)
518 silly packumentCache full:http://mirrors.cloud.tencent.com/npm/@tiptap%2fpm set size:2334714 disposed:false
519 silly fetch manifest @tiptap/extensions@^3.29.1
520 silly packumentCache full:http://mirrors.cloud.tencent.com/npm/@tiptap%2fextensions cache-miss
521 http cache https://mirrors.cloud.tencent.com/npm/@tiptap%2fextensions 72ms (cache hit)
522 silly packumentCache full:http://mirrors.cloud.tencent.com/npm/@tiptap%2fextensions set size:764637 disposed:false
523 silly placeDep ROOT @tiptap/extension-blockquote@3.29.1 OK for: @tiptap/starter-kit@3.29.1 want: ^3.29.1
524 silly placeDep ROOT @tiptap/extension-bold@3.29.1 OK for: @tiptap/starter-kit@3.29.1 want: ^3.29.1
525 silly placeDep ROOT @tiptap/extension-bullet-list@3.29.1 OK for: @tiptap/starter-kit@3.29.1 want: ^3.29.1
526 silly placeDep ROOT @tiptap/extension-list@3.29.1 OK for: @tiptap/extension-bullet-list@3.29.1 want: 3.29.1
527 silly placeDep ROOT @tiptap/extension-code@3.29.1 OK for: @tiptap/starter-kit@3.29.1 want: ^3.29.1
528 silly placeDep ROOT @tiptap/extension-code-block@3.29.1 OK for: @tiptap/starter-kit@3.29.1 want: ^3.29.1
529 silly placeDep ROOT @tiptap/extension-document@3.29.1 OK for: @tiptap/starter-kit@3.29.1 want: ^3.29.1
530 silly placeDep ROOT @tiptap/extension-dropcursor@3.29.1 OK for: @tiptap/starter-kit@3.29.1 want: ^3.29.1
531 silly placeDep ROOT @tiptap/extension-gapcursor@3.29.1 OK for: @tiptap/starter-kit@3.29.1 want: ^3.29.1
532 silly placeDep ROOT @tiptap/extension-hard-break@3.29.1 OK for: @tiptap/starter-kit@3.29.1 want: ^3.29.1
533 silly placeDep ROOT @tiptap/extension-heading@3.29.1 OK for: @tiptap/starter-kit@3.29.1 want: ^3.29.1
534 silly placeDep ROOT @tiptap/extension-horizontal-rule@3.29.1 OK for: @tiptap/starter-kit@3.29.1 want: ^3.29.1
535 silly placeDep ROOT @tiptap/extension-italic@3.29.1 OK for: @tiptap/starter-kit@3.29.1 want: ^3.29.1
536 silly placeDep ROOT @tiptap/extension-list-item@3.29.1 OK for: @tiptap/starter-kit@3.29.1 want: ^3.29.1
537 silly placeDep ROOT @tiptap/extension-list-keymap@3.29.1 OK for: @tiptap/starter-kit@3.29.1 want: ^3.29.1
538 silly placeDep ROOT @tiptap/extension-ordered-list@3.29.1 OK for: @tiptap/starter-kit@3.29.1 want: ^3.29.1
539 silly placeDep ROOT @tiptap/extension-paragraph@3.29.1 OK for: @tiptap/starter-kit@3.29.1 want: ^3.29.1
540 silly placeDep ROOT @tiptap/extension-strike@3.29.1 OK for: @tiptap/starter-kit@3.29.1 want: ^3.29.1
541 silly placeDep ROOT @tiptap/extension-text@3.29.1 OK for: @tiptap/starter-kit@3.29.1 want: ^3.29.1
542 silly placeDep ROOT @tiptap/extension-underline@3.29.1 OK for: @tiptap/starter-kit@3.29.1 want: ^3.29.1
543 silly placeDep ROOT @tiptap/extension-bubble-menu@3.29.1 OK for: @tiptap/vue-3@3.29.1 want: ^3.29.1
544 silly placeDep ROOT @tiptap/extension-floating-menu@3.29.1 OK for: @tiptap/vue-3@3.29.1 want: ^3.29.1
545 silly placeDep ROOT chalk@4.1.2 OK for: concurrently@9.2.4 want: 4.1.2
546 silly placeDep ROOT rxjs@7.8.2 OK for: concurrently@9.2.4 want: 7.8.2
547 silly placeDep ROOT shell-quote@1.9.0 OK for: concurrently@9.2.4 want: 1.9.0
548 silly placeDep ROOT supports-color@8.1.1 OK for: concurrently@9.2.4 want: 8.1.1
549 silly placeDep ROOT tree-kill@1.2.2 OK for: concurrently@9.2.4 want: 1.2.2
550 silly placeDep ROOT yargs@17.7.2 OK for: concurrently@9.2.4 want: 17.7.2
551 silly fetch manifest ansi-styles@^4.1.0
552 silly packumentCache full:http://mirrors.cloud.tencent.com/npm/ansi-styles cache-miss
553 silly fetch manifest supports-color@^7.1.0
554 silly packumentCache full:http://mirrors.cloud.tencent.com/npm/supports-color cache-miss
555 silly fetch manifest tslib@^2.1.0
556 silly packumentCache full:http://mirrors.cloud.tencent.com/npm/tslib cache-miss
557 silly fetch manifest has-flag@^4.0.0
558 silly packumentCache full:http://mirrors.cloud.tencent.com/npm/has-flag cache-miss
559 silly fetch manifest y18n@^5.0.5
560 silly packumentCache full:http://mirrors.cloud.tencent.com/npm/y18n cache-miss
561 silly fetch manifest cliui@^8.0.1
562 silly packumentCache full:http://mirrors.cloud.tencent.com/npm/cliui cache-miss
563 silly fetch manifest escalade@^3.1.1
564 silly packumentCache full:http://mirrors.cloud.tencent.com/npm/escalade cache-miss
565 silly fetch manifest string-width@^4.2.3
566 silly packumentCache full:http://mirrors.cloud.tencent.com/npm/string-width cache-miss
567 silly fetch manifest yargs-parser@^21.1.1
568 silly packumentCache full:http://mirrors.cloud.tencent.com/npm/yargs-parser cache-miss
569 silly fetch manifest get-caller-file@^2.0.5
570 silly packumentCache full:http://mirrors.cloud.tencent.com/npm/get-caller-file cache-miss
571 silly fetch manifest require-directory@^2.1.1
572 silly packumentCache full:http://mirrors.cloud.tencent.com/npm/require-directory cache-miss
573 http cache https://mirrors.cloud.tencent.com/npm/supports-color 82ms (cache hit)
574 silly packumentCache full:http://mirrors.cloud.tencent.com/npm/supports-color set size:172986 disposed:false
575 http fetch GET 200 https://mirrors.cloud.tencent.com/npm/has-flag 189ms (cache miss)
576 silly packumentCache full:http://mirrors.cloud.tencent.com/npm/has-flag set size:undefined disposed:false
577 http fetch GET 200 https://mirrors.cloud.tencent.com/npm/require-directory 251ms (cache miss)
578 silly packumentCache full:http://mirrors.cloud.tencent.com/npm/require-directory set size:undefined disposed:false
579 http fetch GET 200 https://mirrors.cloud.tencent.com/npm/escalade 322ms (cache miss)
580 silly packumentCache full:http://mirrors.cloud.tencent.com/npm/escalade set size:undefined disposed:false
581 http fetch GET 200 https://mirrors.cloud.tencent.com/npm/get-caller-file 348ms (cache miss)
582 silly packumentCache full:http://mirrors.cloud.tencent.com/npm/get-caller-file set size:undefined disposed:false
583 http fetch GET 200 https://mirrors.cloud.tencent.com/npm/string-width 358ms (cache miss)
584 silly packumentCache full:http://mirrors.cloud.tencent.com/npm/string-width set size:undefined disposed:false
585 http fetch GET 200 https://mirrors.cloud.tencent.com/npm/cliui 373ms (cache miss)
586 silly packumentCache full:http://mirrors.cloud.tencent.com/npm/cliui set size:undefined disposed:false
587 http fetch GET 200 https://mirrors.cloud.tencent.com/npm/yargs-parser 382ms (cache miss)
588 silly packumentCache full:http://mirrors.cloud.tencent.com/npm/yargs-parser set size:undefined disposed:false
589 http fetch GET 200 https://mirrors.cloud.tencent.com/npm/ansi-styles 404ms (cache miss)
590 silly packumentCache full:http://mirrors.cloud.tencent.com/npm/ansi-styles set size:undefined disposed:false
591 http fetch GET 200 https://mirrors.cloud.tencent.com/npm/y18n 417ms (cache miss)
592 silly packumentCache full:http://mirrors.cloud.tencent.com/npm/y18n set size:undefined disposed:false
593 http fetch GET 200 https://mirrors.cloud.tencent.com/npm/tslib 439ms (cache miss)
594 silly packumentCache full:http://mirrors.cloud.tencent.com/npm/tslib set size:undefined disposed:false
595 silly placeDep ROOT ansi-styles@4.3.0 OK for: chalk@4.1.2 want: ^4.1.0
596 silly placeDep node_modules/chalk supports-color@7.2.0 OK for: chalk@4.1.2 want: ^7.1.0
597 silly fetch manifest color-convert@^2.0.1
598 silly packumentCache full:http://mirrors.cloud.tencent.com/npm/color-convert cache-miss
599 http fetch GET 200 https://mirrors.cloud.tencent.com/npm/color-convert 415ms (cache miss)
600 silly packumentCache full:http://mirrors.cloud.tencent.com/npm/color-convert set size:undefined disposed:false
601 silly placeDep ROOT color-convert@2.0.1 OK for: ansi-styles@4.3.0 want: ^2.0.1
602 silly fetch manifest color-name@~1.1.4
603 silly packumentCache full:http://mirrors.cloud.tencent.com/npm/color-name cache-miss
604 http fetch GET 200 https://mirrors.cloud.tencent.com/npm/color-name 247ms (cache miss)
605 silly packumentCache full:http://mirrors.cloud.tencent.com/npm/color-name set size:undefined disposed:false
606 silly placeDep ROOT color-name@1.1.4 OK for: color-convert@2.0.1 want: ~1.1.4
607 silly placeDep ROOT @electron/get@2.0.3 OK for: electron@35.7.5 want: ^2.0.0
608 silly placeDep ROOT @types/node@22.20.1 OK for: electron@35.7.5 want: ^22.7.7
609 silly placeDep ROOT extract-zip@2.0.1 OK for: electron@35.7.5 want: ^2.0.1
610 silly fetch manifest got@^11.8.5
611 silly packumentCache full:http://mirrors.cloud.tencent.com/npm/got cache-miss
612 silly fetch manifest debug@^4.1.1
613 silly packumentCache full:http://mirrors.cloud.tencent.com/npm/debug cache-miss
614 silly fetch manifest semver@^6.2.0
615 silly packumentCache full:http://mirrors.cloud.tencent.com/npm/semver cache-miss
616 silly fetch manifest fs-extra@^8.1.0
617 silly packumentCache full:http://mirrors.cloud.tencent.com/npm/fs-extra cache-miss
618 silly fetch manifest progress@^2.0.3
619 silly packumentCache full:http://mirrors.cloud.tencent.com/npm/progress cache-miss
620 silly fetch manifest env-paths@^2.2.0
621 silly packumentCache full:http://mirrors.cloud.tencent.com/npm/env-paths cache-miss
622 silly fetch manifest sumchecker@^3.0.1
623 silly packumentCache full:http://mirrors.cloud.tencent.com/npm/sumchecker cache-miss
624 silly fetch manifest global-agent@^3.0.0
625 silly packumentCache full:http://mirrors.cloud.tencent.com/npm/global-agent cache-miss
626 silly fetch manifest undici-types@~6.21.0
627 silly packumentCache full:http://mirrors.cloud.tencent.com/npm/undici-types cache-miss
628 silly fetch manifest debug@^4.1.1
629 silly packumentCache full:http://mirrors.cloud.tencent.com/npm/debug cache-miss
630 silly fetch manifest get-stream@^5.1.0
631 silly packumentCache full:http://mirrors.cloud.tencent.com/npm/get-stream cache-miss
632 silly fetch manifest yauzl@^2.10.0
633 silly packumentCache full:http://mirrors.cloud.tencent.com/npm/yauzl cache-miss
634 silly fetch manifest @types/yauzl@^2.9.1
635 silly packumentCache full:http://mirrors.cloud.tencent.com/npm/@types%2fyauzl cache-miss
636 http fetch GET 200 https://mirrors.cloud.tencent.com/npm/undici-types 226ms (cache miss)
637 silly packumentCache full:http://mirrors.cloud.tencent.com/npm/undici-types set size:undefined disposed:false
638 http fetch GET 200 https://mirrors.cloud.tencent.com/npm/fs-extra 238ms (cache miss)
639 silly packumentCache full:http://mirrors.cloud.tencent.com/npm/fs-extra set size:undefined disposed:false
640 http fetch GET 200 https://mirrors.cloud.tencent.com/npm/@types%2fyauzl 254ms (cache miss)
641 silly packumentCache full:http://mirrors.cloud.tencent.com/npm/@types%2fyauzl set size:undefined disposed:false
642 http fetch GET 200 https://mirrors.cloud.tencent.com/npm/progress 276ms (cache miss)
643 silly packumentCache full:http://mirrors.cloud.tencent.com/npm/progress set size:undefined disposed:false
644 http fetch GET 200 https://mirrors.cloud.tencent.com/npm/yauzl 282ms (cache miss)
645 silly packumentCache full:http://mirrors.cloud.tencent.com/npm/yauzl set size:undefined disposed:false
646 http fetch GET 200 https://mirrors.cloud.tencent.com/npm/debug 306ms (cache miss)
647 silly packumentCache full:http://mirrors.cloud.tencent.com/npm/debug set size:undefined disposed:false
648 http fetch GET 200 https://mirrors.cloud.tencent.com/npm/debug 438ms (cache miss)
649 silly packumentCache full:http://mirrors.cloud.tencent.com/npm/debug set size:undefined disposed:false
650 http fetch GET 200 https://mirrors.cloud.tencent.com/npm/get-stream 451ms (cache miss)
651 silly packumentCache full:http://mirrors.cloud.tencent.com/npm/get-stream set size:undefined disposed:false
652 http fetch GET 200 https://mirrors.cloud.tencent.com/npm/env-paths 484ms (cache miss)
653 silly packumentCache full:http://mirrors.cloud.tencent.com/npm/env-paths set size:undefined disposed:false
654 http fetch GET 200 https://mirrors.cloud.tencent.com/npm/semver 536ms (cache miss)
655 silly packumentCache full:http://mirrors.cloud.tencent.com/npm/semver set size:undefined disposed:false
656 http fetch GET 200 https://mirrors.cloud.tencent.com/npm/sumchecker 553ms (cache miss)
657 silly packumentCache full:http://mirrors.cloud.tencent.com/npm/sumchecker set size:undefined disposed:false
658 http fetch GET 200 https://mirrors.cloud.tencent.com/npm/global-agent 655ms (cache miss)
659 silly packumentCache full:http://mirrors.cloud.tencent.com/npm/global-agent set size:undefined disposed:false
660 http fetch GET 200 https://mirrors.cloud.tencent.com/npm/got 692ms (cache miss)
661 silly packumentCache full:http://mirrors.cloud.tencent.com/npm/got set size:undefined disposed:false
662 silly placeDep ROOT debug@4.4.3 OK for: @electron/get@2.0.3 want: ^4.1.1
663 silly placeDep ROOT env-paths@2.2.1 OK for: @electron/get@2.0.3 want: ^2.2.0
664 silly placeDep ROOT fs-extra@8.1.0 OK for: @electron/get@2.0.3 want: ^8.1.0
665 silly placeDep ROOT global-agent@3.0.0 OK for: @electron/get@2.0.3 want: ^3.0.0
666 silly placeDep ROOT got@11.8.6 OK for: @electron/get@2.0.3 want: ^11.8.5
667 silly placeDep ROOT progress@2.0.3 OK for: @electron/get@2.0.3 want: ^2.0.3
668 silly placeDep ROOT semver@6.3.1 OK for: @electron/get@2.0.3 want: ^6.2.0
669 silly placeDep ROOT sumchecker@3.0.1 OK for: @electron/get@2.0.3 want: ^3.0.1
670 silly fetch manifest ms@^2.1.3
671 silly packumentCache full:http://mirrors.cloud.tencent.com/npm/ms cache-miss
672 silly fetch manifest jsonfile@^4.0.0
673 silly packumentCache full:http://mirrors.cloud.tencent.com/npm/jsonfile cache-miss
674 silly fetch manifest graceful-fs@^4.2.0
675 silly packumentCache full:http://mirrors.cloud.tencent.com/npm/graceful-fs cache-miss
676 silly fetch manifest universalify@^0.1.0
677 silly packumentCache full:http://mirrors.cloud.tencent.com/npm/universalify cache-miss
678 silly fetch manifest boolean@^3.0.1
679 silly packumentCache full:http://mirrors.cloud.tencent.com/npm/boolean cache-miss
680 silly fetch manifest es6-error@^4.1.1
681 silly packumentCache full:http://mirrors.cloud.tencent.com/npm/es6-error cache-miss
682 silly fetch manifest matcher@^3.0.0
683 silly packumentCache full:http://mirrors.cloud.tencent.com/npm/matcher cache-miss
684 silly fetch manifest roarr@^2.15.3
685 silly packumentCache full:http://mirrors.cloud.tencent.com/npm/roarr cache-miss
686 silly fetch manifest semver@^7.3.2
687 silly packumentCache full:http://mirrors.cloud.tencent.com/npm/semver cache-miss
688 silly fetch manifest serialize-error@^7.0.1
689 silly packumentCache full:http://mirrors.cloud.tencent.com/npm/serialize-error cache-miss
690 silly fetch manifest p-cancelable@^2.0.0
691 silly packumentCache full:http://mirrors.cloud.tencent.com/npm/p-cancelable cache-miss
692 silly fetch manifest responselike@^2.0.0
693 silly packumentCache full:http://mirrors.cloud.tencent.com/npm/responselike cache-miss
694 silly fetch manifest http2-wrapper@^1.0.0-beta.5.2
695 silly packumentCache full:http://mirrors.cloud.tencent.com/npm/http2-wrapper cache-miss
696 silly fetch manifest lowercase-keys@^2.0.0
697 silly packumentCache full:http://mirrors.cloud.tencent.com/npm/lowercase-keys cache-miss
698 silly fetch manifest @sindresorhus/is@^4.0.0
699 silly packumentCache full:http://mirrors.cloud.tencent.com/npm/@sindresorhus%2fis cache-miss
700 http cache https://mirrors.cloud.tencent.com/npm/semver 88ms (cache hit)
701 silly packumentCache full:http://mirrors.cloud.tencent.com/npm/semver set size:330913 disposed:false
702 silly fetch manifest cacheable-lookup@^5.0.3
703 silly packumentCache full:http://mirrors.cloud.tencent.com/npm/cacheable-lookup cache-miss
704 http fetch GET 200 https://mirrors.cloud.tencent.com/npm/ms 225ms (cache miss)
705 silly packumentCache full:http://mirrors.cloud.tencent.com/npm/ms set size:undefined disposed:false
706 silly fetch manifest cacheable-request@^7.0.2
707 silly packumentCache full:http://mirrors.cloud.tencent.com/npm/cacheable-request cache-miss
708 http fetch GET 200 https://mirrors.cloud.tencent.com/npm/http2-wrapper 294ms (cache miss)
709 silly packumentCache full:http://mirrors.cloud.tencent.com/npm/http2-wrapper set size:undefined disposed:false
710 silly fetch manifest @types/responselike@^1.0.0
711 silly packumentCache full:http://mirrors.cloud.tencent.com/npm/@types%2fresponselike cache-miss
712 http fetch GET 200 https://mirrors.cloud.tencent.com/npm/graceful-fs 317ms (cache miss)
713 silly packumentCache full:http://mirrors.cloud.tencent.com/npm/graceful-fs set size:undefined disposed:false
714 silly fetch manifest decompress-response@^6.0.0
715 silly packumentCache full:http://mirrors.cloud.tencent.com/npm/decompress-response cache-miss
716 http fetch GET 200 https://mirrors.cloud.tencent.com/npm/boolean 320ms (cache miss)
717 silly packumentCache full:http://mirrors.cloud.tencent.com/npm/boolean set size:undefined disposed:false
718 silly fetch manifest @szmarczak/http-timer@^4.0.5
719 silly packumentCache full:http://mirrors.cloud.tencent.com/npm/@szmarczak%2fhttp-timer cache-miss
720 http fetch GET 200 https://mirrors.cloud.tencent.com/npm/es6-error 343ms (cache miss)
721 silly packumentCache full:http://mirrors.cloud.tencent.com/npm/es6-error set size:undefined disposed:false
722 silly fetch manifest @types/cacheable-request@^6.0.1
723 silly packumentCache full:http://mirrors.cloud.tencent.com/npm/@types%2fcacheable-request cache-miss
724 http fetch GET 200 https://mirrors.cloud.tencent.com/npm/universalify 379ms (cache miss)
725 silly packumentCache full:http://mirrors.cloud.tencent.com/npm/universalify set size:undefined disposed:false
726 http fetch GET 200 https://mirrors.cloud.tencent.com/npm/jsonfile 389ms (cache miss)
727 silly packumentCache full:http://mirrors.cloud.tencent.com/npm/jsonfile set size:undefined disposed:false
728 http fetch GET 200 https://mirrors.cloud.tencent.com/npm/lowercase-keys 437ms (cache miss)
729 silly packumentCache full:http://mirrors.cloud.tencent.com/npm/lowercase-keys set size:undefined disposed:false
730 http fetch GET 200 https://mirrors.cloud.tencent.com/npm/cacheable-request 221ms (cache miss)
731 silly packumentCache full:http://mirrors.cloud.tencent.com/npm/cacheable-request set size:undefined disposed:false
732 http fetch GET 200 https://mirrors.cloud.tencent.com/npm/matcher 466ms (cache miss)
733 silly packumentCache full:http://mirrors.cloud.tencent.com/npm/matcher set size:undefined disposed:false
734 http fetch GET 200 https://mirrors.cloud.tencent.com/npm/responselike 506ms (cache miss)
735 silly packumentCache full:http://mirrors.cloud.tencent.com/npm/responselike set size:undefined disposed:false
736 http fetch GET 200 https://mirrors.cloud.tencent.com/npm/serialize-error 522ms (cache miss)
737 silly packumentCache full:http://mirrors.cloud.tencent.com/npm/serialize-error set size:undefined disposed:false
738 http fetch GET 200 https://mirrors.cloud.tencent.com/npm/p-cancelable 577ms (cache miss)
739 silly packumentCache full:http://mirrors.cloud.tencent.com/npm/p-cancelable set size:undefined disposed:false
740 http fetch GET 200 https://mirrors.cloud.tencent.com/npm/roarr 633ms (cache miss)
741 silly packumentCache full:http://mirrors.cloud.tencent.com/npm/roarr set size:undefined disposed:false
742 http fetch GET 200 https://mirrors.cloud.tencent.com/npm/@sindresorhus%2fis 658ms (cache miss)
743 silly packumentCache full:http://mirrors.cloud.tencent.com/npm/@sindresorhus%2fis set size:undefined disposed:false
744 http fetch GET 200 https://mirrors.cloud.tencent.com/npm/cacheable-lookup 582ms (cache miss)
745 silly packumentCache full:http://mirrors.cloud.tencent.com/npm/cacheable-lookup set size:undefined disposed:false
746 http fetch GET 200 https://mirrors.cloud.tencent.com/npm/@types%2fresponselike 382ms (cache miss)
747 silly packumentCache full:http://mirrors.cloud.tencent.com/npm/@types%2fresponselike set size:undefined disposed:false
748 http fetch GET 200 https://mirrors.cloud.tencent.com/npm/@types%2fcacheable-request 499ms (cache miss)
749 silly packumentCache full:http://mirrors.cloud.tencent.com/npm/@types%2fcacheable-request set size:undefined disposed:false
750 http fetch GET 200 https://mirrors.cloud.tencent.com/npm/decompress-response 558ms (cache miss)
751 silly packumentCache full:http://mirrors.cloud.tencent.com/npm/decompress-response set size:undefined disposed:false
752 http fetch GET 200 https://mirrors.cloud.tencent.com/npm/@szmarczak%2fhttp-timer 623ms (cache miss)
753 silly packumentCache full:http://mirrors.cloud.tencent.com/npm/@szmarczak%2fhttp-timer set size:undefined disposed:false
754 silly placeDep ROOT undici-types@6.21.0 OK for: @types/node@22.20.1 want: ~6.21.0
755 silly placeDep ROOT ms@2.1.3 OK for: debug@4.4.3 want: ^2.1.3
756 silly placeDep ROOT @types/yauzl@2.10.3 OK for: extract-zip@2.0.1 want: ^2.9.1
757 silly placeDep ROOT get-stream@5.2.0 OK for: extract-zip@2.0.1 want: ^5.1.0
758 silly placeDep ROOT yauzl@2.10.0 OK for: extract-zip@2.0.1 want: ^2.10.0
759 silly fetch manifest pump@^3.0.0
760 silly packumentCache full:http://mirrors.cloud.tencent.com/npm/pump cache-miss
761 silly fetch manifest fd-slicer@~1.1.0
762 silly packumentCache full:http://mirrors.cloud.tencent.com/npm/fd-slicer cache-miss
763 silly fetch manifest buffer-crc32@~0.2.3
764 silly packumentCache full:http://mirrors.cloud.tencent.com/npm/buffer-crc32 cache-miss
765 http fetch GET 200 https://mirrors.cloud.tencent.com/npm/fd-slicer 315ms (cache miss)
766 silly packumentCache full:http://mirrors.cloud.tencent.com/npm/fd-slicer set size:undefined disposed:false
767 http fetch GET 200 https://mirrors.cloud.tencent.com/npm/pump 381ms (cache miss)
768 silly packumentCache full:http://mirrors.cloud.tencent.com/npm/pump set size:undefined disposed:false
769 http fetch GET 200 https://mirrors.cloud.tencent.com/npm/buffer-crc32 438ms (cache miss)
770 silly packumentCache full:http://mirrors.cloud.tencent.com/npm/buffer-crc32 set size:undefined disposed:false
771 silly placeDep ROOT graceful-fs@4.2.11 OK for: fs-extra@8.1.0 want: ^4.2.0
772 silly placeDep ROOT jsonfile@4.0.0 OK for: fs-extra@8.1.0 want: ^4.0.0
773 silly placeDep ROOT universalify@0.1.2 OK for: fs-extra@8.1.0 want: ^0.1.0
774 silly placeDep ROOT pump@3.0.4 OK for: get-stream@5.2.0 want: ^3.0.0
775 silly fetch manifest end-of-stream@^1.1.0
776 silly packumentCache full:http://mirrors.cloud.tencent.com/npm/end-of-stream cache-miss
777 silly fetch manifest once@^1.3.1
778 silly packumentCache full:http://mirrors.cloud.tencent.com/npm/once cache-miss
779 http fetch GET 200 https://mirrors.cloud.tencent.com/npm/end-of-stream 201ms (cache miss)
780 silly packumentCache full:http://mirrors.cloud.tencent.com/npm/end-of-stream set size:undefined disposed:false
781 http fetch GET 200 https://mirrors.cloud.tencent.com/npm/once 303ms (cache miss)
782 silly packumentCache full:http://mirrors.cloud.tencent.com/npm/once set size:undefined disposed:false
783 silly placeDep ROOT boolean@3.2.0 OK for: global-agent@3.0.0 want: ^3.0.1
784 silly placeDep ROOT es6-error@4.1.1 OK for: global-agent@3.0.0 want: ^4.1.1
785 silly placeDep ROOT matcher@3.0.0 OK for: global-agent@3.0.0 want: ^3.0.0
786 silly placeDep ROOT roarr@2.15.4 OK for: global-agent@3.0.0 want: ^2.15.3
787 silly placeDep node_modules/global-agent semver@7.8.5 OK for: global-agent@3.0.0 want: ^7.3.2
788 silly placeDep ROOT serialize-error@7.0.1 OK for: global-agent@3.0.0 want: ^7.0.1
789 silly fetch manifest escape-string-regexp@^4.0.0
790 silly packumentCache full:http://mirrors.cloud.tencent.com/npm/escape-string-regexp cache-miss
791 silly fetch manifest globalthis@^1.0.1
792 silly packumentCache full:http://mirrors.cloud.tencent.com/npm/globalthis cache-miss
793 silly fetch manifest sprintf-js@^1.1.2
794 silly packumentCache full:http://mirrors.cloud.tencent.com/npm/sprintf-js cache-miss
795 silly fetch manifest detect-node@^2.0.4
796 silly packumentCache full:http://mirrors.cloud.tencent.com/npm/detect-node cache-miss
797 silly fetch manifest semver-compare@^1.0.0
798 silly packumentCache full:http://mirrors.cloud.tencent.com/npm/semver-compare cache-miss
799 silly fetch manifest json-stringify-safe@^5.0.1
800 silly packumentCache full:http://mirrors.cloud.tencent.com/npm/json-stringify-safe cache-miss
801 silly fetch manifest type-fest@^0.13.1
802 silly packumentCache full:http://mirrors.cloud.tencent.com/npm/type-fest cache-miss
803 http fetch GET 200 https://mirrors.cloud.tencent.com/npm/escape-string-regexp 179ms (cache miss)
804 silly packumentCache full:http://mirrors.cloud.tencent.com/npm/escape-string-regexp set size:undefined disposed:false
805 http fetch GET 200 https://mirrors.cloud.tencent.com/npm/semver-compare 313ms (cache miss)
806 silly packumentCache full:http://mirrors.cloud.tencent.com/npm/semver-compare set size:undefined disposed:false
807 http fetch GET 200 https://mirrors.cloud.tencent.com/npm/globalthis 323ms (cache miss)
808 silly packumentCache full:http://mirrors.cloud.tencent.com/npm/globalthis set size:undefined disposed:false
809 http fetch GET 200 https://mirrors.cloud.tencent.com/npm/sprintf-js 345ms (cache miss)
810 silly packumentCache full:http://mirrors.cloud.tencent.com/npm/sprintf-js set size:undefined disposed:false
811 http fetch GET 200 https://mirrors.cloud.tencent.com/npm/detect-node 369ms (cache miss)
812 silly packumentCache full:http://mirrors.cloud.tencent.com/npm/detect-node set size:undefined disposed:false
813 http fetch GET 200 https://mirrors.cloud.tencent.com/npm/type-fest 515ms (cache miss)
814 silly packumentCache full:http://mirrors.cloud.tencent.com/npm/type-fest set size:undefined disposed:false
815 http fetch GET 200 https://mirrors.cloud.tencent.com/npm/json-stringify-safe 579ms (cache miss)
816 silly packumentCache full:http://mirrors.cloud.tencent.com/npm/json-stringify-safe set size:undefined disposed:false
817 silly placeDep ROOT @sindresorhus/is@4.6.0 OK for: got@11.8.6 want: ^4.0.0
818 silly placeDep ROOT @szmarczak/http-timer@4.0.6 OK for: got@11.8.6 want: ^4.0.5
819 silly placeDep ROOT @types/cacheable-request@6.0.3 OK for: got@11.8.6 want: ^6.0.1
820 silly placeDep ROOT @types/responselike@1.0.3 OK for: got@11.8.6 want: ^1.0.0
821 silly placeDep ROOT cacheable-lookup@5.0.4 OK for: got@11.8.6 want: ^5.0.3
822 silly placeDep ROOT cacheable-request@7.0.4 OK for: got@11.8.6 want: ^7.0.2
823 silly placeDep ROOT decompress-response@6.0.0 OK for: got@11.8.6 want: ^6.0.0
824 silly placeDep ROOT http2-wrapper@1.0.3 OK for: got@11.8.6 want: ^1.0.0-beta.5.2
825 silly placeDep ROOT lowercase-keys@2.0.0 OK for: got@11.8.6 want: ^2.0.0
826 silly placeDep ROOT p-cancelable@2.1.1 OK for: got@11.8.6 want: ^2.0.0
827 silly placeDep ROOT responselike@2.0.1 OK for: got@11.8.6 want: ^2.0.0
828 silly fetch manifest defer-to-connect@^2.0.0
829 silly packumentCache full:http://mirrors.cloud.tencent.com/npm/defer-to-connect cache-miss
830 silly fetch manifest @types/keyv@^3.1.4
831 silly packumentCache full:http://mirrors.cloud.tencent.com/npm/@types%2fkeyv cache-miss
832 silly fetch manifest @types/http-cache-semantics@*
833 silly packumentCache full:http://mirrors.cloud.tencent.com/npm/@types%2fhttp-cache-semantics cache-miss
834 silly fetch manifest keyv@^4.0.0
835 silly packumentCache full:http://mirrors.cloud.tencent.com/npm/keyv cache-miss
836 silly fetch manifest normalize-url@^6.0.1
837 silly packumentCache full:http://mirrors.cloud.tencent.com/npm/normalize-url cache-miss
838 silly fetch manifest clone-response@^1.0.2
839 silly packumentCache full:http://mirrors.cloud.tencent.com/npm/clone-response cache-miss
840 silly fetch manifest http-cache-semantics@^4.0.0
841 silly packumentCache full:http://mirrors.cloud.tencent.com/npm/http-cache-semantics cache-miss
842 silly fetch manifest mimic-response@^3.1.0
843 silly packumentCache full:http://mirrors.cloud.tencent.com/npm/mimic-response cache-miss
844 silly fetch manifest quick-lru@^5.1.1
845 silly packumentCache full:http://mirrors.cloud.tencent.com/npm/quick-lru cache-miss
846 silly fetch manifest resolve-alpn@^1.0.0
847 silly packumentCache full:http://mirrors.cloud.tencent.com/npm/resolve-alpn cache-miss
848 http fetch GET 200 https://mirrors.cloud.tencent.com/npm/normalize-url 239ms (cache miss)
849 silly packumentCache full:http://mirrors.cloud.tencent.com/npm/normalize-url set size:undefined disposed:false
850 http fetch GET 200 https://mirrors.cloud.tencent.com/npm/@types%2fhttp-cache-semantics 272ms (cache miss)
851 silly packumentCache full:http://mirrors.cloud.tencent.com/npm/@types%2fhttp-cache-semantics set size:undefined disposed:false
852 http fetch GET 200 https://mirrors.cloud.tencent.com/npm/@types%2fkeyv 330ms (cache miss)
853 silly packumentCache full:http://mirrors.cloud.tencent.com/npm/@types%2fkeyv set size:undefined disposed:false
854 http fetch GET 200 https://mirrors.cloud.tencent.com/npm/mimic-response 340ms (cache miss)
855 silly packumentCache full:http://mirrors.cloud.tencent.com/npm/mimic-response set size:undefined disposed:false
856 http fetch GET 200 https://mirrors.cloud.tencent.com/npm/keyv 346ms (cache miss)
857 silly packumentCache full:http://mirrors.cloud.tencent.com/npm/keyv set size:undefined disposed:false
858 http fetch GET 200 https://mirrors.cloud.tencent.com/npm/quick-lru 418ms (cache miss)
859 silly packumentCache full:http://mirrors.cloud.tencent.com/npm/quick-lru set size:undefined disposed:false
860 http fetch GET 200 https://mirrors.cloud.tencent.com/npm/http-cache-semantics 445ms (cache miss)
861 silly packumentCache full:http://mirrors.cloud.tencent.com/npm/http-cache-semantics set size:undefined disposed:false
862 http fetch GET 200 https://mirrors.cloud.tencent.com/npm/clone-response 489ms (cache miss)
863 silly packumentCache full:http://mirrors.cloud.tencent.com/npm/clone-response set size:undefined disposed:false
864 http fetch GET 200 https://mirrors.cloud.tencent.com/npm/defer-to-connect 515ms (cache miss)
865 silly packumentCache full:http://mirrors.cloud.tencent.com/npm/defer-to-connect set size:undefined disposed:false
866 http fetch GET 200 https://mirrors.cloud.tencent.com/npm/resolve-alpn 545ms (cache miss)
867 silly packumentCache full:http://mirrors.cloud.tencent.com/npm/resolve-alpn set size:undefined disposed:false
868 silly placeDep ROOT defer-to-connect@2.0.1 OK for: @szmarczak/http-timer@4.0.6 want: ^2.0.0
869 silly placeDep ROOT @types/http-cache-semantics@4.2.0 OK for: @types/cacheable-request@6.0.3 want: *
870 silly placeDep ROOT @types/keyv@3.1.4 OK for: @types/cacheable-request@6.0.3 want: ^3.1.4
871 silly placeDep ROOT clone-response@1.0.3 OK for: cacheable-request@7.0.4 want: ^1.0.2
872 silly placeDep ROOT http-cache-semantics@4.2.0 OK for: cacheable-request@7.0.4 want: ^4.0.0
873 silly placeDep ROOT keyv@4.5.4 OK for: cacheable-request@7.0.4 want: ^4.0.0
874 silly placeDep ROOT normalize-url@6.1.0 OK for: cacheable-request@7.0.4 want: ^6.0.1
875 silly fetch manifest mimic-response@^1.0.0
876 silly packumentCache full:http://mirrors.cloud.tencent.com/npm/mimic-response cache-miss
877 silly fetch manifest json-buffer@3.0.1
878 silly packumentCache full:http://mirrors.cloud.tencent.com/npm/json-buffer cache-miss
879 http cache https://mirrors.cloud.tencent.com/npm/mimic-response 64ms (cache hit)
880 silly packumentCache full:http://mirrors.cloud.tencent.com/npm/mimic-response set size:24838 disposed:false
881 http fetch GET 200 https://mirrors.cloud.tencent.com/npm/json-buffer 199ms (cache miss)
882 silly packumentCache full:http://mirrors.cloud.tencent.com/npm/json-buffer set size:undefined disposed:false
883 silly placeDep ROOT mimic-response@1.0.1 OK for: clone-response@1.0.3 want: ^1.0.0
884 silly placeDep node_modules/decompress-response mimic-response@3.1.0 OK for: decompress-response@6.0.0 want: ^3.1.0
885 silly placeDep ROOT quick-lru@5.1.1 OK for: http2-wrapper@1.0.3 want: ^5.1.1
886 silly placeDep ROOT resolve-alpn@1.2.1 OK for: http2-wrapper@1.0.3 want: ^1.0.0
887 silly placeDep ROOT json-buffer@3.0.1 OK for: keyv@4.5.4 want: 3.0.1
888 silly placeDep ROOT escape-string-regexp@4.0.0 OK for: matcher@3.0.0 want: ^4.0.0
889 silly placeDep ROOT rope-sequence@1.3.4 OK for: prosemirror-history@1.5.0 want: ^1.3.0
890 silly placeDep ROOT w3c-keyname@2.2.8 OK for: prosemirror-keymap@1.2.3 want: ^2.2.0
891 silly placeDep ROOT orderedmap@2.1.1 OK for: prosemirror-model@1.25.11 want: ^2.0.0
892 silly placeDep ROOT end-of-stream@1.4.5 OK for: pump@3.0.4 want: ^1.1.0
893 silly placeDep ROOT once@1.4.0 OK for: pump@3.0.4 want: ^1.3.1
894 silly fetch manifest once@^1.4.0
895 silly packumentCache full:http://mirrors.cloud.tencent.com/npm/once cache-miss
896 silly fetch manifest wrappy@1
897 silly packumentCache full:http://mirrors.cloud.tencent.com/npm/wrappy cache-miss
898 http cache https://mirrors.cloud.tencent.com/npm/once 65ms (cache hit)
899 silly packumentCache full:http://mirrors.cloud.tencent.com/npm/once set size:14899 disposed:false
900 http fetch GET 200 https://mirrors.cloud.tencent.com/npm/wrappy 251ms (cache miss)
901 silly packumentCache full:http://mirrors.cloud.tencent.com/npm/wrappy set size:undefined disposed:false
902 silly placeDep ROOT wrappy@1.0.2 OK for: once@1.4.0 want: 1
903 silly placeDep ROOT detect-node@2.1.0 OK for: roarr@2.15.4 want: ^2.0.4
904 silly placeDep ROOT globalthis@1.0.4 OK for: roarr@2.15.4 want: ^1.0.1
905 silly placeDep ROOT json-stringify-safe@5.0.1 OK for: roarr@2.15.4 want: ^5.0.1
906 silly placeDep ROOT semver-compare@1.0.0 OK for: roarr@2.15.4 want: ^1.0.0
907 silly placeDep ROOT sprintf-js@1.1.3 OK for: roarr@2.15.4 want: ^1.1.2
908 silly fetch manifest define-properties@^1.2.1
909 silly packumentCache full:http://mirrors.cloud.tencent.com/npm/define-properties cache-miss
910 silly fetch manifest gopd@^1.0.1
911 silly packumentCache full:http://mirrors.cloud.tencent.com/npm/gopd cache-miss
912 http fetch GET 200 https://mirrors.cloud.tencent.com/npm/gopd 288ms (cache miss)
913 silly packumentCache full:http://mirrors.cloud.tencent.com/npm/gopd set size:undefined disposed:false
914 http fetch GET 200 https://mirrors.cloud.tencent.com/npm/define-properties 308ms (cache miss)
915 silly packumentCache full:http://mirrors.cloud.tencent.com/npm/define-properties set size:undefined disposed:false
916 silly placeDep ROOT define-properties@1.2.1 OK for: globalthis@1.0.4 want: ^1.2.1
917 silly placeDep ROOT gopd@1.2.0 OK for: globalthis@1.0.4 want: ^1.0.1
918 silly fetch manifest define-data-property@^1.0.1
919 silly packumentCache full:http://mirrors.cloud.tencent.com/npm/define-data-property cache-miss
920 silly fetch manifest has-property-descriptors@^1.0.0
921 silly packumentCache full:http://mirrors.cloud.tencent.com/npm/has-property-descriptors cache-miss
922 silly fetch manifest object-keys@^1.1.1
923 silly packumentCache full:http://mirrors.cloud.tencent.com/npm/object-keys cache-miss
924 http fetch GET 200 https://mirrors.cloud.tencent.com/npm/object-keys 245ms (cache miss)
925 silly packumentCache full:http://mirrors.cloud.tencent.com/npm/object-keys set size:undefined disposed:false
926 http fetch GET 200 https://mirrors.cloud.tencent.com/npm/has-property-descriptors 305ms (cache miss)
927 silly packumentCache full:http://mirrors.cloud.tencent.com/npm/has-property-descriptors set size:undefined disposed:false
928 http fetch GET 200 https://mirrors.cloud.tencent.com/npm/define-data-property 365ms (cache miss)
929 silly packumentCache full:http://mirrors.cloud.tencent.com/npm/define-data-property set size:undefined disposed:false
930 silly placeDep ROOT define-data-property@1.1.4 OK for: define-properties@1.2.1 want: ^1.0.1
931 silly placeDep ROOT has-property-descriptors@1.0.2 OK for: define-properties@1.2.1 want: ^1.0.0
932 silly placeDep ROOT object-keys@1.1.1 OK for: define-properties@1.2.1 want: ^1.1.1
933 silly fetch manifest es-define-property@^1.0.0
934 silly packumentCache full:http://mirrors.cloud.tencent.com/npm/es-define-property cache-miss
935 silly fetch manifest es-errors@^1.3.0
936 silly packumentCache full:http://mirrors.cloud.tencent.com/npm/es-errors cache-miss
937 silly fetch manifest es-define-property@^1.0.0
938 silly packumentCache full:http://mirrors.cloud.tencent.com/npm/es-define-property cache-miss
939 http fetch GET 200 https://mirrors.cloud.tencent.com/npm/es-define-property 197ms (cache miss)
940 silly packumentCache full:http://mirrors.cloud.tencent.com/npm/es-define-property set size:undefined disposed:false
941 http fetch GET 200 https://mirrors.cloud.tencent.com/npm/es-define-property 332ms (cache miss)
942 silly packumentCache full:http://mirrors.cloud.tencent.com/npm/es-define-property set size:undefined disposed:false
943 http fetch GET 200 https://mirrors.cloud.tencent.com/npm/es-errors 445ms (cache miss)
944 silly packumentCache full:http://mirrors.cloud.tencent.com/npm/es-errors set size:undefined disposed:false
945 silly placeDep ROOT es-define-property@1.0.1 OK for: define-data-property@1.1.4 want: ^1.0.0
946 silly placeDep ROOT es-errors@1.3.0 OK for: define-data-property@1.1.4 want: ^1.3.0
947 silly placeDep ROOT tslib@2.8.1 OK for: rxjs@7.8.2 want: ^2.1.0
948 silly placeDep ROOT type-fest@0.13.1 OK for: serialize-error@7.0.1 want: ^0.13.1
949 silly placeDep ROOT has-flag@4.0.0 OK for: supports-color@8.1.1 want: ^4.0.0
950 silly placeDep ROOT esbuild@0.25.12 OK for: vite@6.4.3 want: ^0.25.0
951 silly placeDep ROOT fdir@6.5.0 OK for: vite@6.4.3 want: ^6.4.4
952 silly placeDep ROOT fsevents@2.3.3 OK for: vite@6.4.3 want: ~2.3.3
953 silly placeDep ROOT picomatch@4.0.5 OK for: vite@6.4.3 want: ^4.0.2
954 silly placeDep ROOT postcss@8.5.23 OK for: vite@6.4.3 want: ^8.5.3
955 silly placeDep ROOT rollup@4.62.3 OK for: vite@6.4.3 want: ^4.34.9
956 silly placeDep ROOT tinyglobby@0.2.17 OK for: vite@6.4.3 want: ^0.2.13
957 silly fetch manifest @esbuild/aix-ppc64@0.25.12
958 silly packumentCache full:http://mirrors.cloud.tencent.com/npm/@esbuild%2faix-ppc64 cache-miss
959 silly fetch manifest @esbuild/linux-arm@0.25.12
960 silly packumentCache full:http://mirrors.cloud.tencent.com/npm/@esbuild%2flinux-arm cache-miss
961 silly fetch manifest @esbuild/linux-x64@0.25.12
962 silly packumentCache full:http://mirrors.cloud.tencent.com/npm/@esbuild%2flinux-x64 cache-miss
963 silly fetch manifest @esbuild/sunos-x64@0.25.12
964 silly packumentCache full:http://mirrors.cloud.tencent.com/npm/@esbuild%2fsunos-x64 cache-miss
965 silly fetch manifest @esbuild/win32-x64@0.25.12
966 silly packumentCache full:http://mirrors.cloud.tencent.com/npm/@esbuild%2fwin32-x64 cache-miss
967 silly fetch manifest @esbuild/darwin-x64@0.25.12
968 silly packumentCache full:http://mirrors.cloud.tencent.com/npm/@esbuild%2fdarwin-x64 cache-miss
969 silly fetch manifest @esbuild/linux-ia32@0.25.12
970 silly packumentCache full:http://mirrors.cloud.tencent.com/npm/@esbuild%2flinux-ia32 cache-miss
971 silly fetch manifest @esbuild/netbsd-x64@0.25.12
972 silly packumentCache full:http://mirrors.cloud.tencent.com/npm/@esbuild%2fnetbsd-x64 cache-miss
973 silly fetch manifest @esbuild/win32-ia32@0.25.12
974 silly packumentCache full:http://mirrors.cloud.tencent.com/npm/@esbuild%2fwin32-ia32 cache-miss
975 silly fetch manifest @esbuild/android-arm@0.25.12
976 silly packumentCache full:http://mirrors.cloud.tencent.com/npm/@esbuild%2fandroid-arm cache-miss
977 silly fetch manifest @esbuild/android-x64@0.25.12
978 silly packumentCache full:http://mirrors.cloud.tencent.com/npm/@esbuild%2fandroid-x64 cache-miss
979 silly fetch manifest @esbuild/freebsd-x64@0.25.12
980 silly packumentCache full:http://mirrors.cloud.tencent.com/npm/@esbuild%2ffreebsd-x64 cache-miss
981 silly fetch manifest @esbuild/linux-arm64@0.25.12
982 silly packumentCache full:http://mirrors.cloud.tencent.com/npm/@esbuild%2flinux-arm64 cache-miss
983 silly fetch manifest @esbuild/linux-ppc64@0.25.12
984 silly packumentCache full:http://mirrors.cloud.tencent.com/npm/@esbuild%2flinux-ppc64 cache-miss
985 silly fetch manifest @esbuild/linux-s390x@0.25.12
986 silly packumentCache full:http://mirrors.cloud.tencent.com/npm/@esbuild%2flinux-s390x cache-miss
987 http fetch GET 200 https://mirrors.cloud.tencent.com/npm/@esbuild%2faix-ppc64 204ms (cache miss)
988 silly packumentCache full:http://mirrors.cloud.tencent.com/npm/@esbuild%2faix-ppc64 set size:undefined disposed:false
989 silly fetch manifest @esbuild/openbsd-x64@0.25.12
990 silly packumentCache full:http://mirrors.cloud.tencent.com/npm/@esbuild%2fopenbsd-x64 cache-miss
991 http fetch GET 200 https://mirrors.cloud.tencent.com/npm/@esbuild%2fandroid-arm 251ms (cache miss)
992 silly packumentCache full:http://mirrors.cloud.tencent.com/npm/@esbuild%2fandroid-arm set size:undefined disposed:false
993 silly fetch manifest @esbuild/win32-arm64@0.25.12
994 silly packumentCache full:http://mirrors.cloud.tencent.com/npm/@esbuild%2fwin32-arm64 cache-miss
995 http fetch GET 200 https://mirrors.cloud.tencent.com/npm/@esbuild%2fandroid-x64 286ms (cache miss)
996 silly packumentCache full:http://mirrors.cloud.tencent.com/npm/@esbuild%2fandroid-x64 set size:undefined disposed:false
997 silly fetch manifest @esbuild/darwin-arm64@0.25.12
998 silly packumentCache full:http://mirrors.cloud.tencent.com/npm/@esbuild%2fdarwin-arm64 cache-miss
999 http fetch GET 200 https://mirrors.cloud.tencent.com/npm/@esbuild%2flinux-s390x 337ms (cache miss)
1000 silly packumentCache full:http://mirrors.cloud.tencent.com/npm/@esbuild%2flinux-s390x set size:undefined disposed:false
1001 silly fetch manifest @esbuild/netbsd-arm64@0.25.12
1002 silly packumentCache full:http://mirrors.cloud.tencent.com/npm/@esbuild%2fnetbsd-arm64 cache-miss
1003 http fetch GET 200 https://mirrors.cloud.tencent.com/npm/@esbuild%2fwin32-x64 460ms (cache miss)
1004 silly packumentCache full:http://mirrors.cloud.tencent.com/npm/@esbuild%2fwin32-x64 set size:undefined disposed:false
1005 silly fetch manifest @esbuild/android-arm64@0.25.12
1006 silly packumentCache full:http://mirrors.cloud.tencent.com/npm/@esbuild%2fandroid-arm64 cache-miss
1007 http fetch GET 200 https://mirrors.cloud.tencent.com/npm/@esbuild%2flinux-ia32 468ms (cache miss)
1008 silly packumentCache full:http://mirrors.cloud.tencent.com/npm/@esbuild%2flinux-ia32 set size:undefined disposed:false
1009 silly fetch manifest @esbuild/freebsd-arm64@0.25.12
1010 silly packumentCache full:http://mirrors.cloud.tencent.com/npm/@esbuild%2ffreebsd-arm64 cache-miss
1011 http fetch GET 200 https://mirrors.cloud.tencent.com/npm/@esbuild%2fwin32-ia32 476ms (cache miss)
1012 silly packumentCache full:http://mirrors.cloud.tencent.com/npm/@esbuild%2fwin32-ia32 set size:undefined disposed:false
1013 silly fetch manifest @esbuild/linux-loong64@0.25.12
1014 silly packumentCache full:http://mirrors.cloud.tencent.com/npm/@esbuild%2flinux-loong64 cache-miss
1015 http fetch GET 200 https://mirrors.cloud.tencent.com/npm/@esbuild%2flinux-ppc64 498ms (cache miss)
1016 silly packumentCache full:http://mirrors.cloud.tencent.com/npm/@esbuild%2flinux-ppc64 set size:undefined disposed:false
1017 silly fetch manifest @esbuild/linux-riscv64@0.25.12
1018 silly packumentCache full:http://mirrors.cloud.tencent.com/npm/@esbuild%2flinux-riscv64 cache-miss
1019 http fetch GET 200 https://mirrors.cloud.tencent.com/npm/@esbuild%2flinux-arm64 504ms (cache miss)
1020 silly packumentCache full:http://mirrors.cloud.tencent.com/npm/@esbuild%2flinux-arm64 set size:undefined disposed:false
1021 silly fetch manifest @esbuild/openbsd-arm64@0.25.12
1022 silly packumentCache full:http://mirrors.cloud.tencent.com/npm/@esbuild%2fopenbsd-arm64 cache-miss
1023 http fetch GET 200 https://mirrors.cloud.tencent.com/npm/@esbuild%2flinux-x64 522ms (cache miss)
1024 silly packumentCache full:http://mirrors.cloud.tencent.com/npm/@esbuild%2flinux-x64 set size:undefined disposed:false
1025 silly fetch manifest @esbuild/linux-mips64el@0.25.12
1026 silly packumentCache full:http://mirrors.cloud.tencent.com/npm/@esbuild%2flinux-mips64el cache-miss
1027 http fetch GET 200 https://mirrors.cloud.tencent.com/npm/@esbuild%2fdarwin-x64 530ms (cache miss)
1028 silly packumentCache full:http://mirrors.cloud.tencent.com/npm/@esbuild%2fdarwin-x64 set size:undefined disposed:false
1029 silly fetch manifest @esbuild/openharmony-arm64@0.25.12
1030 silly packumentCache full:http://mirrors.cloud.tencent.com/npm/@esbuild%2fopenharmony-arm64 cache-miss
1031 http fetch GET 200 https://mirrors.cloud.tencent.com/npm/@esbuild%2flinux-arm 537ms (cache miss)
1032 silly packumentCache full:http://mirrors.cloud.tencent.com/npm/@esbuild%2flinux-arm set size:undefined disposed:false
1033 silly fetch manifest nanoid@^3.3.16
1034 silly packumentCache full:http://mirrors.cloud.tencent.com/npm/nanoid cache-miss
1035 http fetch GET 200 https://mirrors.cloud.tencent.com/npm/@esbuild%2fdarwin-arm64 289ms (cache miss)
1036 silly packumentCache full:http://mirrors.cloud.tencent.com/npm/@esbuild%2fdarwin-arm64 set size:undefined disposed:false
1037 silly fetch manifest picocolors@^1.1.1
1038 silly packumentCache full:http://mirrors.cloud.tencent.com/npm/picocolors cache-miss
1039 http fetch GET 200 https://mirrors.cloud.tencent.com/npm/@esbuild%2fopenbsd-x64 392ms (cache miss)
1040 silly packumentCache full:http://mirrors.cloud.tencent.com/npm/@esbuild%2fopenbsd-x64 set size:undefined disposed:false
1041 silly fetch manifest source-map-js@^1.2.1
1042 silly packumentCache full:http://mirrors.cloud.tencent.com/npm/source-map-js cache-miss
1043 http fetch GET 200 https://mirrors.cloud.tencent.com/npm/@esbuild%2fsunos-x64 612ms (cache miss)
1044 silly packumentCache full:http://mirrors.cloud.tencent.com/npm/@esbuild%2fsunos-x64 set size:undefined disposed:false
1045 silly fetch manifest @types/estree@1.0.9
1046 silly packumentCache full:http://mirrors.cloud.tencent.com/npm/@types%2festree cache-miss
1047 http fetch GET 200 https://mirrors.cloud.tencent.com/npm/@esbuild%2ffreebsd-x64 660ms (cache miss)
1048 silly packumentCache full:http://mirrors.cloud.tencent.com/npm/@esbuild%2ffreebsd-x64 set size:undefined disposed:false
1049 silly fetch manifest @rollup/rollup-darwin-x64@4.62.3
1050 silly packumentCache full:http://mirrors.cloud.tencent.com/npm/@rollup%2frollup-darwin-x64 cache-miss
1051 http fetch GET 200 https://mirrors.cloud.tencent.com/npm/@esbuild%2fnetbsd-x64 687ms (cache miss)
1052 silly packumentCache full:http://mirrors.cloud.tencent.com/npm/@esbuild%2fnetbsd-x64 set size:undefined disposed:false
1053 silly fetch manifest @rollup/rollup-freebsd-x64@4.62.3
1054 silly packumentCache full:http://mirrors.cloud.tencent.com/npm/@rollup%2frollup-freebsd-x64 cache-miss
1055 http fetch GET 200 https://mirrors.cloud.tencent.com/npm/@esbuild%2fwin32-arm64 479ms (cache miss)
1056 silly packumentCache full:http://mirrors.cloud.tencent.com/npm/@esbuild%2fwin32-arm64 set size:undefined disposed:false
1057 silly fetch manifest @rollup/rollup-openbsd-x64@4.62.3
1058 silly packumentCache full:http://mirrors.cloud.tencent.com/npm/@rollup%2frollup-openbsd-x64 cache-miss
1059 http fetch GET 200 https://mirrors.cloud.tencent.com/npm/@esbuild%2fopenbsd-arm64 247ms (cache miss)
1060 silly packumentCache full:http://mirrors.cloud.tencent.com/npm/@esbuild%2fopenbsd-arm64 set size:undefined disposed:false
1061 silly fetch manifest @rollup/rollup-darwin-arm64@4.62.3
1062 silly packumentCache full:http://mirrors.cloud.tencent.com/npm/@rollup%2frollup-darwin-arm64 cache-miss
1063 http fetch GET 200 https://mirrors.cloud.tencent.com/npm/picocolors 177ms (cache miss)
1064 silly packumentCache full:http://mirrors.cloud.tencent.com/npm/picocolors set size:undefined disposed:false
1065 silly fetch manifest @rollup/rollup-android-arm64@4.62.3
1066 silly packumentCache full:http://mirrors.cloud.tencent.com/npm/@rollup%2frollup-android-arm64 cache-miss
1067 http fetch GET 200 https://mirrors.cloud.tencent.com/npm/@esbuild%2fnetbsd-arm64 431ms (cache miss)
1068 silly packumentCache full:http://mirrors.cloud.tencent.com/npm/@esbuild%2fnetbsd-arm64 set size:undefined disposed:false
1069 silly fetch manifest @rollup/rollup-freebsd-arm64@4.62.3
1070 silly packumentCache full:http://mirrors.cloud.tencent.com/npm/@rollup%2frollup-freebsd-arm64 cache-miss
1071 http fetch GET 200 https://mirrors.cloud.tencent.com/npm/@esbuild%2fandroid-arm64 369ms (cache miss)
1072 silly packumentCache full:http://mirrors.cloud.tencent.com/npm/@esbuild%2fandroid-arm64 set size:undefined disposed:false
1073 silly fetch manifest @rollup/rollup-linux-x64-gnu@4.62.3
1074 silly packumentCache full:http://mirrors.cloud.tencent.com/npm/@rollup%2frollup-linux-x64-gnu cache-miss
1075 http fetch GET 200 https://mirrors.cloud.tencent.com/npm/@esbuild%2flinux-mips64el 333ms (cache miss)
1076 silly packumentCache full:http://mirrors.cloud.tencent.com/npm/@esbuild%2flinux-mips64el set size:undefined disposed:false
1077 silly fetch manifest @rollup/rollup-win32-x64-gnu@4.62.3
1078 silly packumentCache full:http://mirrors.cloud.tencent.com/npm/@rollup%2frollup-win32-x64-gnu cache-miss
1079 http fetch GET 200 https://mirrors.cloud.tencent.com/npm/@rollup%2frollup-darwin-x64 199ms (cache miss)
1080 silly packumentCache full:http://mirrors.cloud.tencent.com/npm/@rollup%2frollup-darwin-x64 set size:undefined disposed:false
1081 silly fetch manifest @rollup/rollup-linux-x64-musl@4.62.3
1082 silly packumentCache full:http://mirrors.cloud.tencent.com/npm/@rollup%2frollup-linux-x64-musl cache-miss
1083 http fetch GET 200 https://mirrors.cloud.tencent.com/npm/@esbuild%2fopenharmony-arm64 364ms (cache miss)
1084 silly packumentCache full:http://mirrors.cloud.tencent.com/npm/@esbuild%2fopenharmony-arm64 set size:undefined disposed:false
1085 silly fetch manifest @rollup/rollup-win32-x64-msvc@4.62.3
1086 silly packumentCache full:http://mirrors.cloud.tencent.com/npm/@rollup%2frollup-win32-x64-msvc cache-miss
1087 http fetch GET 200 https://mirrors.cloud.tencent.com/npm/@esbuild%2flinux-loong64 429ms (cache miss)
1088 silly packumentCache full:http://mirrors.cloud.tencent.com/npm/@esbuild%2flinux-loong64 set size:undefined disposed:false
1089 silly fetch manifest @rollup/rollup-linux-arm64-gnu@4.62.3
1090 silly packumentCache full:http://mirrors.cloud.tencent.com/npm/@rollup%2frollup-linux-arm64-gnu cache-miss
1091 http fetch GET 200 https://mirrors.cloud.tencent.com/npm/@esbuild%2ffreebsd-arm64 453ms (cache miss)
1092 silly packumentCache full:http://mirrors.cloud.tencent.com/npm/@esbuild%2ffreebsd-arm64 set size:undefined disposed:false
1093 silly fetch manifest @rollup/rollup-linux-ppc64-gnu@4.62.3
1094 silly packumentCache full:http://mirrors.cloud.tencent.com/npm/@rollup%2frollup-linux-ppc64-gnu cache-miss
1095 http fetch GET 200 https://mirrors.cloud.tencent.com/npm/source-map-js 335ms (cache miss)
1096 silly packumentCache full:http://mirrors.cloud.tencent.com/npm/source-map-js set size:undefined disposed:false
1097 silly fetch manifest @rollup/rollup-linux-s390x-gnu@4.62.3
1098 silly packumentCache full:http://mirrors.cloud.tencent.com/npm/@rollup%2frollup-linux-s390x-gnu cache-miss
1099 http fetch GET 200 https://mirrors.cloud.tencent.com/npm/@rollup%2frollup-freebsd-x64 320ms (cache miss)
1100 silly packumentCache full:http://mirrors.cloud.tencent.com/npm/@rollup%2frollup-freebsd-x64 set size:undefined disposed:false
1101 silly fetch manifest @rollup/rollup-win32-ia32-msvc@4.62.3
1102 silly packumentCache full:http://mirrors.cloud.tencent.com/npm/@rollup%2frollup-win32-ia32-msvc cache-miss
1103 http fetch GET 200 https://mirrors.cloud.tencent.com/npm/@rollup%2frollup-openbsd-x64 282ms (cache miss)
1104 silly packumentCache full:http://mirrors.cloud.tencent.com/npm/@rollup%2frollup-openbsd-x64 set size:undefined disposed:false
1105 silly fetch manifest @rollup/rollup-android-arm-eabi@4.62.3
1106 silly packumentCache full:http://mirrors.cloud.tencent.com/npm/@rollup%2frollup-android-arm-eabi cache-miss
1107 http fetch GET 200 https://mirrors.cloud.tencent.com/npm/@rollup%2frollup-android-arm64 278ms (cache miss)
1108 silly packumentCache full:http://mirrors.cloud.tencent.com/npm/@rollup%2frollup-android-arm64 set size:undefined disposed:false
1109 silly fetch manifest @rollup/rollup-linux-arm64-musl@4.62.3
1110 silly packumentCache full:http://mirrors.cloud.tencent.com/npm/@rollup%2frollup-linux-arm64-musl cache-miss
1111 http fetch GET 200 https://mirrors.cloud.tencent.com/npm/@types%2festree 434ms (cache miss)
1112 silly packumentCache full:http://mirrors.cloud.tencent.com/npm/@types%2festree set size:undefined disposed:false
1113 silly fetch manifest @rollup/rollup-linux-ppc64-musl@4.62.3
1114 silly packumentCache full:http://mirrors.cloud.tencent.com/npm/@rollup%2frollup-linux-ppc64-musl cache-miss
1115 http fetch GET 200 https://mirrors.cloud.tencent.com/npm/@rollup%2frollup-win32-x64-msvc 214ms (cache miss)
1116 silly packumentCache full:http://mirrors.cloud.tencent.com/npm/@rollup%2frollup-win32-x64-msvc set size:undefined disposed:false
1117 silly fetch manifest @rollup/rollup-win32-arm64-msvc@4.62.3
1118 silly packumentCache full:http://mirrors.cloud.tencent.com/npm/@rollup%2frollup-win32-arm64-msvc cache-miss
1119 http fetch GET 200 https://mirrors.cloud.tencent.com/npm/@rollup%2frollup-linux-x64-musl 257ms (cache miss)
1120 silly packumentCache full:http://mirrors.cloud.tencent.com/npm/@rollup%2frollup-linux-x64-musl set size:undefined disposed:false
1121 silly fetch manifest @rollup/rollup-linux-loong64-gnu@4.62.3
1122 silly packumentCache full:http://mirrors.cloud.tencent.com/npm/@rollup%2frollup-linux-loong64-gnu cache-miss
1123 http fetch GET 200 https://mirrors.cloud.tencent.com/npm/@rollup%2frollup-linux-x64-gnu 343ms (cache miss)
1124 silly packumentCache full:http://mirrors.cloud.tencent.com/npm/@rollup%2frollup-linux-x64-gnu set size:undefined disposed:false
1125 silly fetch manifest @rollup/rollup-linux-riscv64-gnu@4.62.3
1126 silly packumentCache full:http://mirrors.cloud.tencent.com/npm/@rollup%2frollup-linux-riscv64-gnu cache-miss
1127 http fetch GET 200 https://mirrors.cloud.tencent.com/npm/@rollup%2frollup-darwin-arm64 448ms (cache miss)
1128 silly packumentCache full:http://mirrors.cloud.tencent.com/npm/@rollup%2frollup-darwin-arm64 set size:undefined disposed:false
1129 silly fetch manifest @rollup/rollup-openharmony-arm64@4.62.3
1130 silly packumentCache full:http://mirrors.cloud.tencent.com/npm/@rollup%2frollup-openharmony-arm64 cache-miss
1131 http fetch GET 200 https://mirrors.cloud.tencent.com/npm/@rollup%2frollup-freebsd-arm64 443ms (cache miss)
1132 silly packumentCache full:http://mirrors.cloud.tencent.com/npm/@rollup%2frollup-freebsd-arm64 set size:undefined disposed:false
1133 silly fetch manifest @rollup/rollup-linux-loong64-musl@4.62.3
1134 silly packumentCache full:http://mirrors.cloud.tencent.com/npm/@rollup%2frollup-linux-loong64-musl cache-miss
1135 http fetch GET 200 https://mirrors.cloud.tencent.com/npm/@esbuild%2flinux-riscv64 725ms (cache miss)
1136 silly packumentCache full:http://mirrors.cloud.tencent.com/npm/@esbuild%2flinux-riscv64 set size:undefined disposed:false
1137 silly fetch manifest @rollup/rollup-linux-riscv64-musl@4.62.3
1138 silly packumentCache full:http://mirrors.cloud.tencent.com/npm/@rollup%2frollup-linux-riscv64-musl cache-miss
1139 http fetch GET 200 https://mirrors.cloud.tencent.com/npm/@rollup%2frollup-win32-x64-gnu 389ms (cache miss)
1140 silly packumentCache full:http://mirrors.cloud.tencent.com/npm/@rollup%2frollup-win32-x64-gnu set size:undefined disposed:false
1141 silly fetch manifest @rollup/rollup-linux-arm-gnueabihf@4.62.3
1142 silly packumentCache full:http://mirrors.cloud.tencent.com/npm/@rollup%2frollup-linux-arm-gnueabihf cache-miss
1143 http fetch GET 200 https://mirrors.cloud.tencent.com/npm/nanoid 712ms (cache miss)
1144 silly packumentCache full:http://mirrors.cloud.tencent.com/npm/nanoid set size:undefined disposed:false
1145 silly fetch manifest @rollup/rollup-linux-arm-musleabihf@4.62.3
1146 silly packumentCache full:http://mirrors.cloud.tencent.com/npm/@rollup%2frollup-linux-arm-musleabihf cache-miss
1147 http fetch GET 200 https://mirrors.cloud.tencent.com/npm/@rollup%2frollup-linux-s390x-gnu 324ms (cache miss)
1148 silly packumentCache full:http://mirrors.cloud.tencent.com/npm/@rollup%2frollup-linux-s390x-gnu set size:undefined disposed:false
1149 http fetch GET 200 https://mirrors.cloud.tencent.com/npm/@rollup%2frollup-win32-ia32-msvc 283ms (cache miss)
1150 silly packumentCache full:http://mirrors.cloud.tencent.com/npm/@rollup%2frollup-win32-ia32-msvc set size:undefined disposed:false
1151 http fetch GET 200 https://mirrors.cloud.tencent.com/npm/@rollup%2frollup-linux-ppc64-musl 254ms (cache miss)
1152 silly packumentCache full:http://mirrors.cloud.tencent.com/npm/@rollup%2frollup-linux-ppc64-musl set size:undefined disposed:false
1153 http fetch GET 200 https://mirrors.cloud.tencent.com/npm/@rollup%2frollup-linux-ppc64-gnu 422ms (cache miss)
1154 silly packumentCache full:http://mirrors.cloud.tencent.com/npm/@rollup%2frollup-linux-ppc64-gnu set size:undefined disposed:false
1155 http fetch GET 200 https://mirrors.cloud.tencent.com/npm/@rollup%2frollup-android-arm-eabi 351ms (cache miss)
1156 silly packumentCache full:http://mirrors.cloud.tencent.com/npm/@rollup%2frollup-android-arm-eabi set size:undefined disposed:false
1157 http fetch GET 200 https://mirrors.cloud.tencent.com/npm/@rollup%2frollup-linux-loong64-gnu 292ms (cache miss)
1158 silly packumentCache full:http://mirrors.cloud.tencent.com/npm/@rollup%2frollup-linux-loong64-gnu set size:undefined disposed:false
1159 http fetch GET 200 https://mirrors.cloud.tencent.com/npm/@rollup%2frollup-linux-arm64-gnu 511ms (cache miss)
1160 silly packumentCache full:http://mirrors.cloud.tencent.com/npm/@rollup%2frollup-linux-arm64-gnu set size:undefined disposed:false
1161 http fetch GET 200 https://mirrors.cloud.tencent.com/npm/@rollup%2frollup-linux-arm64-musl 402ms (cache miss)
1162 silly packumentCache full:http://mirrors.cloud.tencent.com/npm/@rollup%2frollup-linux-arm64-musl set size:undefined disposed:false
1163 http fetch GET 200 https://mirrors.cloud.tencent.com/npm/@rollup%2frollup-linux-loong64-musl 252ms (cache miss)
1164 silly packumentCache full:http://mirrors.cloud.tencent.com/npm/@rollup%2frollup-linux-loong64-musl set size:undefined disposed:false
1165 http fetch GET 200 https://mirrors.cloud.tencent.com/npm/@rollup%2frollup-openharmony-arm64 314ms (cache miss)
1166 silly packumentCache full:http://mirrors.cloud.tencent.com/npm/@rollup%2frollup-openharmony-arm64 set size:undefined disposed:false
1167 http fetch GET 200 https://mirrors.cloud.tencent.com/npm/@rollup%2frollup-win32-arm64-msvc 429ms (cache miss)
1168 silly packumentCache full:http://mirrors.cloud.tencent.com/npm/@rollup%2frollup-win32-arm64-msvc set size:undefined disposed:false
1169 http fetch GET 200 https://mirrors.cloud.tencent.com/npm/@rollup%2frollup-linux-riscv64-gnu 394ms (cache miss)
1170 silly packumentCache full:http://mirrors.cloud.tencent.com/npm/@rollup%2frollup-linux-riscv64-gnu set size:undefined disposed:false
1171 http fetch GET 200 https://mirrors.cloud.tencent.com/npm/@rollup%2frollup-linux-arm-gnueabihf 349ms (cache miss)
1172 silly packumentCache full:http://mirrors.cloud.tencent.com/npm/@rollup%2frollup-linux-arm-gnueabihf set size:undefined disposed:false
1173 http fetch GET 200 https://mirrors.cloud.tencent.com/npm/@rollup%2frollup-linux-arm-musleabihf 368ms (cache miss)
1174 silly packumentCache full:http://mirrors.cloud.tencent.com/npm/@rollup%2frollup-linux-arm-musleabihf set size:undefined disposed:false
1175 http fetch GET 200 https://mirrors.cloud.tencent.com/npm/@rollup%2frollup-linux-riscv64-musl 490ms (cache miss)
1176 silly packumentCache full:http://mirrors.cloud.tencent.com/npm/@rollup%2frollup-linux-riscv64-musl set size:undefined disposed:false
1177 silly placeDep ROOT @esbuild/aix-ppc64@0.25.12 OK for: esbuild@0.25.12 want: 0.25.12
1178 silly placeDep ROOT @esbuild/android-arm@0.25.12 OK for: esbuild@0.25.12 want: 0.25.12
1179 silly placeDep ROOT @esbuild/android-arm64@0.25.12 OK for: esbuild@0.25.12 want: 0.25.12
1180 silly placeDep ROOT @esbuild/android-x64@0.25.12 OK for: esbuild@0.25.12 want: 0.25.12
1181 silly placeDep ROOT @esbuild/darwin-arm64@0.25.12 OK for: esbuild@0.25.12 want: 0.25.12
1182 silly placeDep ROOT @esbuild/darwin-x64@0.25.12 OK for: esbuild@0.25.12 want: 0.25.12
1183 silly placeDep ROOT @esbuild/freebsd-arm64@0.25.12 OK for: esbuild@0.25.12 want: 0.25.12
1184 silly placeDep ROOT @esbuild/freebsd-x64@0.25.12 OK for: esbuild@0.25.12 want: 0.25.12
1185 silly placeDep ROOT @esbuild/linux-arm@0.25.12 OK for: esbuild@0.25.12 want: 0.25.12
1186 silly placeDep ROOT @esbuild/linux-arm64@0.25.12 OK for: esbuild@0.25.12 want: 0.25.12
1187 silly placeDep ROOT @esbuild/linux-ia32@0.25.12 OK for: esbuild@0.25.12 want: 0.25.12
1188 silly placeDep ROOT @esbuild/linux-loong64@0.25.12 OK for: esbuild@0.25.12 want: 0.25.12
1189 silly placeDep ROOT @esbuild/linux-mips64el@0.25.12 OK for: esbuild@0.25.12 want: 0.25.12
1190 silly placeDep ROOT @esbuild/linux-ppc64@0.25.12 OK for: esbuild@0.25.12 want: 0.25.12
1191 silly placeDep ROOT @esbuild/linux-riscv64@0.25.12 OK for: esbuild@0.25.12 want: 0.25.12
1192 silly placeDep ROOT @esbuild/linux-s390x@0.25.12 OK for: esbuild@0.25.12 want: 0.25.12
1193 silly placeDep ROOT @esbuild/linux-x64@0.25.12 OK for: esbuild@0.25.12 want: 0.25.12
1194 silly placeDep ROOT @esbuild/netbsd-arm64@0.25.12 OK for: esbuild@0.25.12 want: 0.25.12
1195 silly placeDep ROOT @esbuild/netbsd-x64@0.25.12 OK for: esbuild@0.25.12 want: 0.25.12
1196 silly placeDep ROOT @esbuild/openbsd-arm64@0.25.12 OK for: esbuild@0.25.12 want: 0.25.12
1197 silly placeDep ROOT @esbuild/openbsd-x64@0.25.12 OK for: esbuild@0.25.12 want: 0.25.12
1198 silly placeDep ROOT @esbuild/openharmony-arm64@0.25.12 OK for: esbuild@0.25.12 want: 0.25.12
1199 silly placeDep ROOT @esbuild/sunos-x64@0.25.12 OK for: esbuild@0.25.12 want: 0.25.12
1200 silly placeDep ROOT @esbuild/win32-arm64@0.25.12 OK for: esbuild@0.25.12 want: 0.25.12
1201 silly placeDep ROOT @esbuild/win32-ia32@0.25.12 OK for: esbuild@0.25.12 want: 0.25.12
1202 silly placeDep ROOT @esbuild/win32-x64@0.25.12 OK for: esbuild@0.25.12 want: 0.25.12
1203 silly placeDep ROOT nanoid@3.3.16 OK for: postcss@8.5.23 want: ^3.3.16
1204 silly placeDep ROOT picocolors@1.1.1 OK for: postcss@8.5.23 want: ^1.1.1
1205 silly placeDep ROOT source-map-js@1.2.1 OK for: postcss@8.5.23 want: ^1.2.1
1206 silly placeDep ROOT @rollup/rollup-android-arm-eabi@4.62.3 OK for: rollup@4.62.3 want: 4.62.3
1207 silly placeDep ROOT @rollup/rollup-android-arm64@4.62.3 OK for: rollup@4.62.3 want: 4.62.3
1208 silly placeDep ROOT @rollup/rollup-darwin-arm64@4.62.3 OK for: rollup@4.62.3 want: 4.62.3
1209 silly placeDep ROOT @rollup/rollup-darwin-x64@4.62.3 OK for: rollup@4.62.3 want: 4.62.3
1210 silly placeDep ROOT @rollup/rollup-freebsd-arm64@4.62.3 OK for: rollup@4.62.3 want: 4.62.3
1211 silly placeDep ROOT @rollup/rollup-freebsd-x64@4.62.3 OK for: rollup@4.62.3 want: 4.62.3
1212 silly placeDep ROOT @rollup/rollup-linux-arm-gnueabihf@4.62.3 OK for: rollup@4.62.3 want: 4.62.3
1213 silly placeDep ROOT @rollup/rollup-linux-arm-musleabihf@4.62.3 OK for: rollup@4.62.3 want: 4.62.3
1214 silly placeDep ROOT @rollup/rollup-linux-arm64-gnu@4.62.3 OK for: rollup@4.62.3 want: 4.62.3
1215 silly placeDep ROOT @rollup/rollup-linux-arm64-musl@4.62.3 OK for: rollup@4.62.3 want: 4.62.3
1216 silly placeDep ROOT @rollup/rollup-linux-loong64-gnu@4.62.3 OK for: rollup@4.62.3 want: 4.62.3
1217 silly placeDep ROOT @rollup/rollup-linux-loong64-musl@4.62.3 OK for: rollup@4.62.3 want: 4.62.3
1218 silly placeDep ROOT @rollup/rollup-linux-ppc64-gnu@4.62.3 OK for: rollup@4.62.3 want: 4.62.3
1219 silly placeDep ROOT @rollup/rollup-linux-ppc64-musl@4.62.3 OK for: rollup@4.62.3 want: 4.62.3
1220 silly placeDep ROOT @rollup/rollup-linux-riscv64-gnu@4.62.3 OK for: rollup@4.62.3 want: 4.62.3
1221 silly placeDep ROOT @rollup/rollup-linux-riscv64-musl@4.62.3 OK for: rollup@4.62.3 want: 4.62.3
1222 silly placeDep ROOT @rollup/rollup-linux-s390x-gnu@4.62.3 OK for: rollup@4.62.3 want: 4.62.3
1223 silly placeDep ROOT @rollup/rollup-linux-x64-gnu@4.62.3 OK for: rollup@4.62.3 want: 4.62.3
1224 silly placeDep ROOT @rollup/rollup-linux-x64-musl@4.62.3 OK for: rollup@4.62.3 want: 4.62.3
1225 silly placeDep ROOT @rollup/rollup-openbsd-x64@4.62.3 OK for: rollup@4.62.3 want: 4.62.3
1226 silly placeDep ROOT @rollup/rollup-openharmony-arm64@4.62.3 OK for: rollup@4.62.3 want: 4.62.3
1227 silly placeDep ROOT @rollup/rollup-win32-arm64-msvc@4.62.3 OK for: rollup@4.62.3 want: 4.62.3
1228 silly placeDep ROOT @rollup/rollup-win32-ia32-msvc@4.62.3 OK for: rollup@4.62.3 want: 4.62.3
1229 silly placeDep ROOT @rollup/rollup-win32-x64-gnu@4.62.3 OK for: rollup@4.62.3 want: 4.62.3
1230 silly placeDep ROOT @rollup/rollup-win32-x64-msvc@4.62.3 OK for: rollup@4.62.3 want: 4.62.3
1231 silly placeDep ROOT @types/estree@1.0.9 OK for: rollup@4.62.3 want: 1.0.9
1232 silly placeDep ROOT @vue/compiler-dom@3.5.40 OK for: vue@3.5.40 want: 3.5.40
1233 silly placeDep ROOT @vue/compiler-sfc@3.5.40 OK for: vue@3.5.40 want: 3.5.40
1234 silly placeDep ROOT @vue/runtime-dom@3.5.40 OK for: vue@3.5.40 want: 3.5.40
1235 silly placeDep ROOT @vue/server-renderer@3.5.40 OK for: vue@3.5.40 want: 3.5.40
1236 silly placeDep ROOT @vue/shared@3.5.40 OK for: vue@3.5.40 want: 3.5.40
1237 silly fetch manifest @vue/compiler-core@3.5.40
1238 silly packumentCache full:http://mirrors.cloud.tencent.com/npm/@vue%2fcompiler-core cache-miss
1239 silly fetch manifest @babel/parser@^7.29.7
1240 silly packumentCache full:http://mirrors.cloud.tencent.com/npm/@babel%2fparser cache-miss
1241 silly fetch manifest estree-walker@^2.0.2
1242 silly packumentCache full:http://mirrors.cloud.tencent.com/npm/estree-walker cache-miss
1243 silly fetch manifest magic-string@^0.30.21
1244 silly packumentCache full:http://mirrors.cloud.tencent.com/npm/magic-string cache-miss
1245 silly fetch manifest @vue/compiler-core@3.5.40
1246 silly packumentCache full:http://mirrors.cloud.tencent.com/npm/@vue%2fcompiler-core cache-miss
1247 silly fetch manifest @vue/compiler-ssr@3.5.40
1248 silly packumentCache full:http://mirrors.cloud.tencent.com/npm/@vue%2fcompiler-ssr cache-miss
1249 silly fetch manifest csstype@^3.2.3
1250 silly packumentCache full:http://mirrors.cloud.tencent.com/npm/csstype cache-miss
1251 silly fetch manifest @vue/reactivity@3.5.40
1252 silly packumentCache full:http://mirrors.cloud.tencent.com/npm/@vue%2freactivity cache-miss
1253 silly fetch manifest @vue/runtime-core@3.5.40
1254 silly packumentCache full:http://mirrors.cloud.tencent.com/npm/@vue%2fruntime-core cache-miss
1255 silly fetch manifest @vue/compiler-ssr@3.5.40
1256 silly packumentCache full:http://mirrors.cloud.tencent.com/npm/@vue%2fcompiler-ssr cache-miss
1257 http fetch GET 200 https://mirrors.cloud.tencent.com/npm/estree-walker 300ms (cache miss)
1258 silly packumentCache full:http://mirrors.cloud.tencent.com/npm/estree-walker set size:undefined disposed:false
1259 http fetch GET 200 https://mirrors.cloud.tencent.com/npm/csstype 350ms (cache miss)
1260 silly packumentCache full:http://mirrors.cloud.tencent.com/npm/csstype set size:undefined disposed:false
1261 http fetch GET 200 https://mirrors.cloud.tencent.com/npm/@vue%2fcompiler-core 408ms (cache miss)
1262 silly packumentCache full:http://mirrors.cloud.tencent.com/npm/@vue%2fcompiler-core set size:undefined disposed:false
1263 http fetch GET 200 https://mirrors.cloud.tencent.com/npm/@babel%2fparser 436ms (cache miss)
1264 silly packumentCache full:http://mirrors.cloud.tencent.com/npm/@babel%2fparser set size:undefined disposed:false
1265 http fetch GET 200 https://mirrors.cloud.tencent.com/npm/magic-string 449ms (cache miss)
1266 silly packumentCache full:http://mirrors.cloud.tencent.com/npm/magic-string set size:undefined disposed:false
1267 http fetch GET 200 https://mirrors.cloud.tencent.com/npm/@vue%2fcompiler-ssr 464ms (cache miss)
1268 silly packumentCache full:http://mirrors.cloud.tencent.com/npm/@vue%2fcompiler-ssr set size:undefined disposed:false
1269 http fetch GET 200 https://mirrors.cloud.tencent.com/npm/@vue%2fcompiler-core 472ms (cache miss)
1270 silly packumentCache full:http://mirrors.cloud.tencent.com/npm/@vue%2fcompiler-core set size:undefined disposed:false
1271 http fetch GET 200 https://mirrors.cloud.tencent.com/npm/@vue%2fcompiler-ssr 492ms (cache miss)
1272 silly packumentCache full:http://mirrors.cloud.tencent.com/npm/@vue%2fcompiler-ssr set size:undefined disposed:false
1273 http fetch GET 200 https://mirrors.cloud.tencent.com/npm/@vue%2fruntime-core 602ms (cache miss)
1274 silly packumentCache full:http://mirrors.cloud.tencent.com/npm/@vue%2fruntime-core set size:undefined disposed:false
1275 http fetch GET 200 https://mirrors.cloud.tencent.com/npm/@vue%2freactivity 641ms (cache miss)
1276 silly packumentCache full:http://mirrors.cloud.tencent.com/npm/@vue%2freactivity set size:undefined disposed:false
1277 silly placeDep ROOT @vue/compiler-core@3.5.40 OK for: @vue/compiler-dom@3.5.40 want: 3.5.40
1278 silly fetch manifest entities@^7.0.1
1279 silly packumentCache full:http://mirrors.cloud.tencent.com/npm/entities cache-miss
1280 http fetch GET 200 https://mirrors.cloud.tencent.com/npm/entities 328ms (cache miss)
1281 silly packumentCache full:http://mirrors.cloud.tencent.com/npm/entities set size:undefined disposed:false
1282 silly placeDep ROOT @babel/parser@7.29.7 OK for: @vue/compiler-core@3.5.40 want: ^7.29.7
1283 silly placeDep ROOT entities@7.0.1 OK for: @vue/compiler-core@3.5.40 want: ^7.0.1
1284 silly placeDep ROOT estree-walker@2.0.2 OK for: @vue/compiler-core@3.5.40 want: ^2.0.2
1285 silly fetch manifest @babel/types@^7.29.7
1286 silly packumentCache full:http://mirrors.cloud.tencent.com/npm/@babel%2ftypes cache-miss
1287 http fetch GET 200 https://mirrors.cloud.tencent.com/npm/@babel%2ftypes 384ms (cache miss)
1288 silly packumentCache full:http://mirrors.cloud.tencent.com/npm/@babel%2ftypes set size:undefined disposed:false
1289 silly placeDep ROOT @babel/types@7.29.7 OK for: @babel/parser@7.29.7 want: ^7.29.7
1290 silly fetch manifest @babel/helper-string-parser@^7.29.7
1291 silly packumentCache full:http://mirrors.cloud.tencent.com/npm/@babel%2fhelper-string-parser cache-miss
1292 silly fetch manifest @babel/helper-validator-identifier@^7.29.7
1293 silly packumentCache full:http://mirrors.cloud.tencent.com/npm/@babel%2fhelper-validator-identifier cache-miss
1294 http fetch GET 200 https://mirrors.cloud.tencent.com/npm/@babel%2fhelper-string-parser 212ms (cache miss)
1295 silly packumentCache full:http://mirrors.cloud.tencent.com/npm/@babel%2fhelper-string-parser set size:undefined disposed:false
1296 http fetch GET 200 https://mirrors.cloud.tencent.com/npm/@babel%2fhelper-validator-identifier 583ms (cache miss)
1297 silly packumentCache full:http://mirrors.cloud.tencent.com/npm/@babel%2fhelper-validator-identifier set size:undefined disposed:false
1298 silly placeDep ROOT @babel/helper-string-parser@7.29.7 OK for: @babel/types@7.29.7 want: ^7.29.7
1299 silly placeDep ROOT @babel/helper-validator-identifier@7.29.7 OK for: @babel/types@7.29.7 want: ^7.29.7
1300 silly placeDep ROOT @vue/compiler-ssr@3.5.40 OK for: @vue/compiler-sfc@3.5.40 want: 3.5.40
1301 silly placeDep ROOT magic-string@0.30.21 OK for: @vue/compiler-sfc@3.5.40 want: ^0.30.21
1302 silly fetch manifest @jridgewell/sourcemap-codec@^1.5.5
1303 silly packumentCache full:http://mirrors.cloud.tencent.com/npm/@jridgewell%2fsourcemap-codec cache-miss
1304 http fetch GET 200 https://mirrors.cloud.tencent.com/npm/@jridgewell%2fsourcemap-codec 325ms (cache miss)
1305 silly packumentCache full:http://mirrors.cloud.tencent.com/npm/@jridgewell%2fsourcemap-codec set size:undefined disposed:false
1306 silly placeDep ROOT @vue/reactivity@3.5.40 OK for: @vue/runtime-dom@3.5.40 want: 3.5.40
1307 silly placeDep ROOT @vue/runtime-core@3.5.40 OK for: @vue/runtime-dom@3.5.40 want: 3.5.40
1308 silly placeDep ROOT csstype@3.2.3 OK for: @vue/runtime-dom@3.5.40 want: ^3.2.3
1309 silly placeDep ROOT @jridgewell/sourcemap-codec@1.5.5 OK for: magic-string@0.30.21 want: ^1.5.5
1310 silly placeDep ROOT axios@1.18.1 OK for: wait-on@8.0.5 want: ^1.12.1
1311 silly placeDep ROOT joi@18.2.3 OK for: wait-on@8.0.5 want: ^18.0.1
1312 silly placeDep ROOT lodash@4.18.1 OK for: wait-on@8.0.5 want: ^4.17.21
1313 silly placeDep ROOT minimist@1.2.8 OK for: wait-on@8.0.5 want: ^1.2.8
1314 silly fetch manifest form-data@^4.0.5
1315 silly packumentCache full:http://mirrors.cloud.tencent.com/npm/form-data cache-miss
1316 silly fetch manifest proxy-from-env@^2.1.0
1317 silly packumentCache full:http://mirrors.cloud.tencent.com/npm/proxy-from-env cache-miss
1318 silly fetch manifest follow-redirects@^1.16.0
1319 silly packumentCache full:http://mirrors.cloud.tencent.com/npm/follow-redirects cache-miss
1320 silly fetch manifest https-proxy-agent@^5.0.1
1321 silly packumentCache full:http://mirrors.cloud.tencent.com/npm/https-proxy-agent cache-miss
1322 silly fetch manifest @hapi/address@^5.1.1
1323 silly packumentCache full:http://mirrors.cloud.tencent.com/npm/@hapi%2faddress cache-miss
1324 silly fetch manifest @hapi/formula@^3.0.2
1325 silly packumentCache full:http://mirrors.cloud.tencent.com/npm/@hapi%2fformula cache-miss
1326 silly fetch manifest @hapi/hoek@^11.0.7
1327 silly packumentCache full:http://mirrors.cloud.tencent.com/npm/@hapi%2fhoek cache-miss
1328 silly fetch manifest @hapi/pinpoint@^2.0.1
1329 silly packumentCache full:http://mirrors.cloud.tencent.com/npm/@hapi%2fpinpoint cache-miss
1330 silly fetch manifest @hapi/tlds@^1.1.1
1331 silly packumentCache full:http://mirrors.cloud.tencent.com/npm/@hapi%2ftlds cache-miss
1332 silly fetch manifest @hapi/topo@^6.0.2
1333 silly packumentCache full:http://mirrors.cloud.tencent.com/npm/@hapi%2ftopo cache-miss
1334 silly fetch manifest @standard-schema/spec@^1.1.0
1335 silly packumentCache full:http://mirrors.cloud.tencent.com/npm/@standard-schema%2fspec cache-miss
1336 http fetch GET 200 https://mirrors.cloud.tencent.com/npm/proxy-from-env 253ms (cache miss)
1337 silly packumentCache full:http://mirrors.cloud.tencent.com/npm/proxy-from-env set size:undefined disposed:false
1338 http fetch GET 200 https://mirrors.cloud.tencent.com/npm/follow-redirects 306ms (cache miss)
1339 silly packumentCache full:http://mirrors.cloud.tencent.com/npm/follow-redirects set size:undefined disposed:false
1340 http fetch GET 200 https://mirrors.cloud.tencent.com/npm/@standard-schema%2fspec 321ms (cache miss)
1341 silly packumentCache full:http://mirrors.cloud.tencent.com/npm/@standard-schema%2fspec set size:undefined disposed:false
1342 http fetch GET 200 https://mirrors.cloud.tencent.com/npm/@hapi%2ftopo 336ms (cache miss)
1343 silly packumentCache full:http://mirrors.cloud.tencent.com/npm/@hapi%2ftopo set size:undefined disposed:false
1344 http fetch GET 200 https://mirrors.cloud.tencent.com/npm/form-data 397ms (cache miss)
1345 silly packumentCache full:http://mirrors.cloud.tencent.com/npm/form-data set size:undefined disposed:false
1346 http fetch GET 200 https://mirrors.cloud.tencent.com/npm/https-proxy-agent 404ms (cache miss)
1347 silly packumentCache full:http://mirrors.cloud.tencent.com/npm/https-proxy-agent set size:undefined disposed:false
1348 http fetch GET 200 https://mirrors.cloud.tencent.com/npm/@hapi%2fpinpoint 505ms (cache miss)
1349 silly packumentCache full:http://mirrors.cloud.tencent.com/npm/@hapi%2fpinpoint set size:undefined disposed:false
1350 http fetch GET 200 https://mirrors.cloud.tencent.com/npm/@hapi%2fformula 552ms (cache miss)
1351 silly packumentCache full:http://mirrors.cloud.tencent.com/npm/@hapi%2fformula set size:undefined disposed:false
1352 http fetch GET 200 https://mirrors.cloud.tencent.com/npm/@hapi%2fhoek 579ms (cache miss)
1353 silly packumentCache full:http://mirrors.cloud.tencent.com/npm/@hapi%2fhoek set size:undefined disposed:false
1354 http fetch GET 200 https://mirrors.cloud.tencent.com/npm/@hapi%2faddress 742ms (cache miss)
1355 silly packumentCache full:http://mirrors.cloud.tencent.com/npm/@hapi%2faddress set size:undefined disposed:false
1356 http fetch GET 200 https://mirrors.cloud.tencent.com/npm/@hapi%2ftlds 742ms (cache miss)
1357 silly packumentCache full:http://mirrors.cloud.tencent.com/npm/@hapi%2ftlds set size:undefined disposed:false
1358 silly placeDep ROOT follow-redirects@1.16.0 OK for: axios@1.18.1 want: ^1.16.0
1359 silly placeDep ROOT form-data@4.0.6 OK for: axios@1.18.1 want: ^4.0.5
1360 silly placeDep ROOT https-proxy-agent@5.0.1 OK for: axios@1.18.1 want: ^5.0.1
1361 silly placeDep ROOT proxy-from-env@2.1.0 OK for: axios@1.18.1 want: ^2.1.0
1362 silly fetch manifest hasown@^2.0.4
1363 silly packumentCache full:http://mirrors.cloud.tencent.com/npm/hasown cache-miss
1364 silly fetch manifest asynckit@^0.4.0
1365 silly packumentCache full:http://mirrors.cloud.tencent.com/npm/asynckit cache-miss
1366 silly fetch manifest mime-types@^2.1.35
1367 silly packumentCache full:http://mirrors.cloud.tencent.com/npm/mime-types cache-miss
1368 silly fetch manifest combined-stream@^1.0.8
1369 silly packumentCache full:http://mirrors.cloud.tencent.com/npm/combined-stream cache-miss
1370 silly fetch manifest es-set-tostringtag@^2.1.0
1371 silly packumentCache full:http://mirrors.cloud.tencent.com/npm/es-set-tostringtag cache-miss
1372 silly fetch manifest agent-base@6
1373 silly packumentCache full:http://mirrors.cloud.tencent.com/npm/agent-base cache-miss
1374 http fetch GET 200 https://mirrors.cloud.tencent.com/npm/asynckit 183ms (cache miss)
1375 silly packumentCache full:http://mirrors.cloud.tencent.com/npm/asynckit set size:undefined disposed:false
1376 http fetch GET 200 https://mirrors.cloud.tencent.com/npm/mime-types 255ms (cache miss)
1377 silly packumentCache full:http://mirrors.cloud.tencent.com/npm/mime-types set size:undefined disposed:false
1378 http fetch GET 200 https://mirrors.cloud.tencent.com/npm/hasown 260ms (cache miss)
1379 silly packumentCache full:http://mirrors.cloud.tencent.com/npm/hasown set size:undefined disposed:false
1380 http fetch GET 200 https://mirrors.cloud.tencent.com/npm/es-set-tostringtag 259ms (cache miss)
1381 silly packumentCache full:http://mirrors.cloud.tencent.com/npm/es-set-tostringtag set size:undefined disposed:false
1382 http fetch GET 200 https://mirrors.cloud.tencent.com/npm/combined-stream 314ms (cache miss)
1383 silly packumentCache full:http://mirrors.cloud.tencent.com/npm/combined-stream set size:undefined disposed:false
1384 http fetch GET 200 https://mirrors.cloud.tencent.com/npm/agent-base 485ms (cache miss)
1385 silly packumentCache full:http://mirrors.cloud.tencent.com/npm/agent-base set size:undefined disposed:false
1386 silly placeDep ROOT asynckit@0.4.0 OK for: form-data@4.0.6 want: ^0.4.0
1387 silly placeDep ROOT combined-stream@1.0.8 OK for: form-data@4.0.6 want: ^1.0.8
1388 silly placeDep ROOT es-set-tostringtag@2.1.0 OK for: form-data@4.0.6 want: ^2.1.0
1389 silly placeDep ROOT hasown@2.0.4 OK for: form-data@4.0.6 want: ^2.0.4
1390 silly placeDep ROOT mime-types@2.1.35 OK for: form-data@4.0.6 want: ^2.1.35
1391 silly fetch manifest delayed-stream@~1.0.0
1392 silly packumentCache full:http://mirrors.cloud.tencent.com/npm/delayed-stream cache-miss
1393 silly fetch manifest get-intrinsic@^1.2.6
1394 silly packumentCache full:http://mirrors.cloud.tencent.com/npm/get-intrinsic cache-miss
1395 silly fetch manifest has-tostringtag@^1.0.2
1396 silly packumentCache full:http://mirrors.cloud.tencent.com/npm/has-tostringtag cache-miss
1397 silly fetch manifest hasown@^2.0.2
1398 silly packumentCache full:http://mirrors.cloud.tencent.com/npm/hasown cache-miss
1399 silly fetch manifest function-bind@^1.1.2
1400 silly packumentCache full:http://mirrors.cloud.tencent.com/npm/function-bind cache-miss
1401 silly fetch manifest mime-db@1.52.0
1402 silly packumentCache full:http://mirrors.cloud.tencent.com/npm/mime-db cache-miss
1403 http cache https://mirrors.cloud.tencent.com/npm/hasown 72ms (cache hit)
1404 silly packumentCache full:http://mirrors.cloud.tencent.com/npm/hasown set size:24595 disposed:false
1405 http fetch GET 200 https://mirrors.cloud.tencent.com/npm/get-intrinsic 218ms (cache miss)
1406 silly packumentCache full:http://mirrors.cloud.tencent.com/npm/get-intrinsic set size:undefined disposed:false
1407 http fetch GET 200 https://mirrors.cloud.tencent.com/npm/delayed-stream 270ms (cache miss)
1408 silly packumentCache full:http://mirrors.cloud.tencent.com/npm/delayed-stream set size:undefined disposed:false
1409 http fetch GET 200 https://mirrors.cloud.tencent.com/npm/has-tostringtag 304ms (cache miss)
1410 silly packumentCache full:http://mirrors.cloud.tencent.com/npm/has-tostringtag set size:undefined disposed:false
1411 http fetch GET 200 https://mirrors.cloud.tencent.com/npm/mime-db 306ms (cache miss)
1412 silly packumentCache full:http://mirrors.cloud.tencent.com/npm/mime-db set size:undefined disposed:false
1413 http fetch GET 200 https://mirrors.cloud.tencent.com/npm/function-bind 355ms (cache miss)
1414 silly packumentCache full:http://mirrors.cloud.tencent.com/npm/function-bind set size:undefined disposed:false
1415 silly placeDep ROOT delayed-stream@1.0.0 OK for: combined-stream@1.0.8 want: ~1.0.0
1416 silly placeDep ROOT get-intrinsic@1.3.0 OK for: es-set-tostringtag@2.1.0 want: ^1.2.6
1417 silly placeDep ROOT has-tostringtag@1.0.2 OK for: es-set-tostringtag@2.1.0 want: ^1.0.2
1418 silly fetch manifest get-proto@^1.0.1
1419 silly packumentCache full:http://mirrors.cloud.tencent.com/npm/get-proto cache-miss
1420 silly fetch manifest has-symbols@^1.1.0
1421 silly packumentCache full:http://mirrors.cloud.tencent.com/npm/has-symbols cache-miss
1422 silly fetch manifest es-object-atoms@^1.1.1
1423 silly packumentCache full:http://mirrors.cloud.tencent.com/npm/es-object-atoms cache-miss
1424 silly fetch manifest math-intrinsics@^1.1.0
1425 silly packumentCache full:http://mirrors.cloud.tencent.com/npm/math-intrinsics cache-miss
1426 silly fetch manifest call-bind-apply-helpers@^1.0.2
1427 silly packumentCache full:http://mirrors.cloud.tencent.com/npm/call-bind-apply-helpers cache-miss
1428 silly fetch manifest has-symbols@^1.0.3
1429 silly packumentCache full:http://mirrors.cloud.tencent.com/npm/has-symbols cache-miss
1430 http fetch GET 200 https://mirrors.cloud.tencent.com/npm/has-symbols 252ms (cache miss)
1431 silly packumentCache full:http://mirrors.cloud.tencent.com/npm/has-symbols set size:undefined disposed:false
1432 http fetch GET 200 https://mirrors.cloud.tencent.com/npm/math-intrinsics 263ms (cache miss)
1433 silly packumentCache full:http://mirrors.cloud.tencent.com/npm/math-intrinsics set size:undefined disposed:false
1434 http fetch GET 200 https://mirrors.cloud.tencent.com/npm/call-bind-apply-helpers 300ms (cache miss)
1435 silly packumentCache full:http://mirrors.cloud.tencent.com/npm/call-bind-apply-helpers set size:undefined disposed:false
1436 http fetch GET 200 https://mirrors.cloud.tencent.com/npm/get-proto 315ms (cache miss)
1437 silly packumentCache full:http://mirrors.cloud.tencent.com/npm/get-proto set size:undefined disposed:false
1438 http fetch GET 200 https://mirrors.cloud.tencent.com/npm/has-symbols 374ms (cache miss)
1439 silly packumentCache full:http://mirrors.cloud.tencent.com/npm/has-symbols set size:undefined disposed:false
1440 http fetch GET 200 https://mirrors.cloud.tencent.com/npm/es-object-atoms 963ms (cache miss)
1441 silly packumentCache full:http://mirrors.cloud.tencent.com/npm/es-object-atoms set size:undefined disposed:false
1442 silly placeDep ROOT call-bind-apply-helpers@1.0.2 OK for: get-intrinsic@1.3.0 want: ^1.0.2
1443 silly placeDep ROOT es-object-atoms@1.1.2 OK for: get-intrinsic@1.3.0 want: ^1.1.1
1444 silly placeDep ROOT function-bind@1.1.2 OK for: get-intrinsic@1.3.0 want: ^1.1.2
1445 silly placeDep ROOT get-proto@1.0.1 OK for: get-intrinsic@1.3.0 want: ^1.0.1
1446 silly placeDep ROOT has-symbols@1.1.0 OK for: get-intrinsic@1.3.0 want: ^1.1.0
1447 silly placeDep ROOT math-intrinsics@1.1.0 OK for: get-intrinsic@1.3.0 want: ^1.1.0
1448 silly fetch manifest dunder-proto@^1.0.1
1449 silly packumentCache full:http://mirrors.cloud.tencent.com/npm/dunder-proto cache-miss
1450 http fetch GET 200 https://mirrors.cloud.tencent.com/npm/dunder-proto 204ms (cache miss)
1451 silly packumentCache full:http://mirrors.cloud.tencent.com/npm/dunder-proto set size:undefined disposed:false
1452 silly placeDep ROOT dunder-proto@1.0.1 OK for: get-proto@1.0.1 want: ^1.0.1
1453 silly placeDep ROOT agent-base@6.0.2 OK for: https-proxy-agent@5.0.1 want: 6
1454 silly placeDep ROOT @hapi/address@5.1.1 OK for: joi@18.2.3 want: ^5.1.1
1455 silly placeDep ROOT @hapi/formula@3.0.2 OK for: joi@18.2.3 want: ^3.0.2
1456 silly placeDep ROOT @hapi/hoek@11.0.7 OK for: joi@18.2.3 want: ^11.0.7
1457 silly placeDep ROOT @hapi/pinpoint@2.0.1 OK for: joi@18.2.3 want: ^2.0.1
1458 silly placeDep ROOT @hapi/tlds@1.1.7 OK for: joi@18.2.3 want: ^1.1.1
1459 silly placeDep ROOT @hapi/topo@6.0.2 OK for: joi@18.2.3 want: ^6.0.2
1460 silly placeDep ROOT @standard-schema/spec@1.1.0 OK for: joi@18.2.3 want: ^1.1.0
1461 silly fetch manifest @hapi/hoek@^11.0.2
1462 silly packumentCache full:http://mirrors.cloud.tencent.com/npm/@hapi%2fhoek cache-miss
1463 http cache https://mirrors.cloud.tencent.com/npm/@hapi%2fhoek 65ms (cache hit)
1464 silly packumentCache full:http://mirrors.cloud.tencent.com/npm/@hapi%2fhoek set size:154323 disposed:false
1465 silly placeDep ROOT mime-db@1.52.0 OK for: mime-types@2.1.35 want: 1.52.0
1466 silly placeDep ROOT cliui@8.0.1 OK for: yargs@17.7.2 want: ^8.0.1
1467 silly placeDep ROOT escalade@3.2.0 OK for: yargs@17.7.2 want: ^3.1.1
1468 silly placeDep ROOT get-caller-file@2.0.5 OK for: yargs@17.7.2 want: ^2.0.5
1469 silly placeDep ROOT require-directory@2.1.1 OK for: yargs@17.7.2 want: ^2.1.1
1470 silly placeDep ROOT string-width@4.2.3 OK for: yargs@17.7.2 want: ^4.2.3
1471 silly placeDep ROOT y18n@5.0.8 OK for: yargs@17.7.2 want: ^5.0.5
1472 silly placeDep ROOT yargs-parser@21.1.1 OK for: yargs@17.7.2 want: ^21.1.1
1473 silly fetch manifest wrap-ansi@^7.0.0
1474 silly packumentCache full:http://mirrors.cloud.tencent.com/npm/wrap-ansi cache-miss
1475 silly fetch manifest strip-ansi@^6.0.1
1476 silly packumentCache full:http://mirrors.cloud.tencent.com/npm/strip-ansi cache-miss
1477 silly fetch manifest string-width@^4.2.0
1478 silly packumentCache full:http://mirrors.cloud.tencent.com/npm/string-width cache-miss
1479 silly fetch manifest strip-ansi@^6.0.1
1480 silly packumentCache full:http://mirrors.cloud.tencent.com/npm/strip-ansi cache-miss
1481 silly fetch manifest emoji-regex@^8.0.0
1482 silly packumentCache full:http://mirrors.cloud.tencent.com/npm/emoji-regex cache-miss
1483 silly fetch manifest is-fullwidth-code-point@^3.0.0
1484 silly packumentCache full:http://mirrors.cloud.tencent.com/npm/is-fullwidth-code-point cache-miss
1485 http cache https://mirrors.cloud.tencent.com/npm/string-width 70ms (cache hit)
1486 silly packumentCache full:http://mirrors.cloud.tencent.com/npm/string-width set size:98523 disposed:false
1487 http fetch GET 200 https://mirrors.cloud.tencent.com/npm/emoji-regex 211ms (cache miss)
1488 silly packumentCache full:http://mirrors.cloud.tencent.com/npm/emoji-regex set size:undefined disposed:false
1489 http fetch GET 200 https://mirrors.cloud.tencent.com/npm/wrap-ansi 253ms (cache miss)
1490 silly packumentCache full:http://mirrors.cloud.tencent.com/npm/wrap-ansi set size:undefined disposed:false
1491 http fetch GET 200 https://mirrors.cloud.tencent.com/npm/strip-ansi 277ms (cache miss)
1492 silly packumentCache full:http://mirrors.cloud.tencent.com/npm/strip-ansi set size:undefined disposed:false
1493 http fetch GET 200 https://mirrors.cloud.tencent.com/npm/is-fullwidth-code-point 306ms (cache miss)
1494 silly packumentCache full:http://mirrors.cloud.tencent.com/npm/is-fullwidth-code-point set size:undefined disposed:false
1495 http fetch GET 200 https://mirrors.cloud.tencent.com/npm/strip-ansi 375ms (cache miss)
1496 silly packumentCache full:http://mirrors.cloud.tencent.com/npm/strip-ansi set size:undefined disposed:false
1497 silly placeDep ROOT strip-ansi@6.0.1 OK for: cliui@8.0.1 want: ^6.0.1
1498 silly placeDep ROOT wrap-ansi@7.0.0 OK for: cliui@8.0.1 want: ^7.0.0
1499 silly fetch manifest ansi-regex@^5.0.1
1500 silly packumentCache full:http://mirrors.cloud.tencent.com/npm/ansi-regex cache-miss
1501 http fetch GET 200 https://mirrors.cloud.tencent.com/npm/ansi-regex 193ms (cache miss)
1502 silly packumentCache full:http://mirrors.cloud.tencent.com/npm/ansi-regex set size:undefined disposed:false
1503 silly placeDep ROOT emoji-regex@8.0.0 OK for: string-width@4.2.3 want: ^8.0.0
1504 silly placeDep ROOT is-fullwidth-code-point@3.0.0 OK for: string-width@4.2.3 want: ^3.0.0
1505 silly placeDep ROOT ansi-regex@5.0.1 OK for: strip-ansi@6.0.1 want: ^5.0.1
1506 silly placeDep ROOT buffer-crc32@0.2.13 OK for: yauzl@2.10.0 want: ~0.2.3
1507 silly placeDep ROOT fd-slicer@1.1.0 OK for: yauzl@2.10.0 want: ~1.1.0
1508 silly fetch manifest pend@~1.2.0
1509 silly packumentCache full:http://mirrors.cloud.tencent.com/npm/pend cache-miss
1510 http fetch GET 200 https://mirrors.cloud.tencent.com/npm/pend 241ms (cache miss)
1511 silly packumentCache full:http://mirrors.cloud.tencent.com/npm/pend set size:undefined disposed:false
1512 silly placeDep ROOT pend@1.2.0 OK for: fd-slicer@1.1.0 want: ~1.2.0
1513 silly reify moves {}
1514 http cache buffer-crc32@https://mirrors.cloud.tencent.com/npm/buffer-crc32/-/buffer-crc32-0.2.13.tgz 1ms (cache hit)
1515 http cache pend@https://mirrors.cloud.tencent.com/npm/pend/-/pend-1.2.0.tgz 0ms (cache hit)
1516 http cache fd-slicer@https://mirrors.cloud.tencent.com/npm/fd-slicer/-/fd-slicer-1.1.0.tgz 0ms (cache hit)
1517 http cache is-fullwidth-code-point@https://mirrors.cloud.tencent.com/npm/is-fullwidth-code-point/-/is-fullwidth-code-point-3.0.0.tgz 0ms (cache hit)
1518 http cache wrap-ansi@https://mirrors.cloud.tencent.com/npm/wrap-ansi/-/wrap-ansi-7.0.0.tgz 1ms (cache hit)
1519 http cache emoji-regex@https://mirrors.cloud.tencent.com/npm/emoji-regex/-/emoji-regex-8.0.0.tgz 0ms (cache hit)
1520 http cache ansi-regex@https://mirrors.cloud.tencent.com/npm/ansi-regex/-/ansi-regex-5.0.1.tgz 0ms (cache hit)
1521 http cache strip-ansi@https://mirrors.cloud.tencent.com/npm/strip-ansi/-/strip-ansi-6.0.1.tgz 0ms (cache hit)
1522 http cache yargs-parser@https://mirrors.cloud.tencent.com/npm/yargs-parser/-/yargs-parser-21.1.1.tgz 0ms (cache hit)
1523 http cache string-width@https://mirrors.cloud.tencent.com/npm/string-width/-/string-width-4.2.3.tgz 0ms (cache hit)
1524 http cache y18n@https://mirrors.cloud.tencent.com/npm/y18n/-/y18n-5.0.8.tgz 0ms (cache hit)
1525 http cache cliui@https://mirrors.cloud.tencent.com/npm/cliui/-/cliui-8.0.1.tgz 0ms (cache hit)
1526 http cache require-directory@https://mirrors.cloud.tencent.com/npm/require-directory/-/require-directory-2.1.1.tgz 0ms (cache hit)
1527 http cache escalade@https://mirrors.cloud.tencent.com/npm/escalade/-/escalade-3.2.0.tgz 0ms (cache hit)
1528 http cache mime-db@https://mirrors.cloud.tencent.com/npm/mime-db/-/mime-db-1.52.0.tgz 0ms (cache hit)
1529 http cache @standard-schema/spec@https://mirrors.cloud.tencent.com/npm/@standard-schema/spec/-/spec-1.1.0.tgz 0ms (cache hit)
1530 http cache get-caller-file@https://mirrors.cloud.tencent.com/npm/get-caller-file/-/get-caller-file-2.0.5.tgz 0ms (cache hit)
1531 http cache @hapi/tlds@https://mirrors.cloud.tencent.com/npm/@hapi/tlds/-/tlds-1.1.7.tgz 0ms (cache hit)
1532 http cache @hapi/topo@https://mirrors.cloud.tencent.com/npm/@hapi/topo/-/topo-6.0.2.tgz 0ms (cache hit)
1533 http cache agent-base@https://mirrors.cloud.tencent.com/npm/agent-base/-/agent-base-6.0.2.tgz 0ms (cache hit)
1534 http cache @hapi/hoek@https://mirrors.cloud.tencent.com/npm/@hapi/hoek/-/hoek-11.0.7.tgz 0ms (cache hit)
1535 http cache @hapi/pinpoint@https://mirrors.cloud.tencent.com/npm/@hapi/pinpoint/-/pinpoint-2.0.1.tgz 0ms (cache hit)
1536 http cache @hapi/address@https://mirrors.cloud.tencent.com/npm/@hapi/address/-/address-5.1.1.tgz 0ms (cache hit)
1537 http cache dunder-proto@https://mirrors.cloud.tencent.com/npm/dunder-proto/-/dunder-proto-1.0.1.tgz 0ms (cache hit)
1538 http cache @hapi/formula@https://mirrors.cloud.tencent.com/npm/@hapi/formula/-/formula-3.0.2.tgz 0ms (cache hit)
1539 http cache function-bind@https://mirrors.cloud.tencent.com/npm/function-bind/-/function-bind-1.1.2.tgz 0ms (cache hit)
1540 http cache math-intrinsics@https://mirrors.cloud.tencent.com/npm/math-intrinsics/-/math-intrinsics-1.1.0.tgz 0ms (cache hit)
1541 http cache has-symbols@https://mirrors.cloud.tencent.com/npm/has-symbols/-/has-symbols-1.1.0.tgz 0ms (cache hit)
1542 http cache get-proto@https://mirrors.cloud.tencent.com/npm/get-proto/-/get-proto-1.0.1.tgz 0ms (cache hit)
1543 http cache call-bind-apply-helpers@https://mirrors.cloud.tencent.com/npm/call-bind-apply-helpers/-/call-bind-apply-helpers-1.0.2.tgz 0ms (cache hit)
1544 http cache es-object-atoms@https://mirrors.cloud.tencent.com/npm/es-object-atoms/-/es-object-atoms-1.1.2.tgz 0ms (cache hit)
1545 http cache delayed-stream@https://mirrors.cloud.tencent.com/npm/delayed-stream/-/delayed-stream-1.0.0.tgz 0ms (cache hit)
1546 http cache has-tostringtag@https://mirrors.cloud.tencent.com/npm/has-tostringtag/-/has-tostringtag-1.0.2.tgz 0ms (cache hit)
1547 http cache get-intrinsic@https://mirrors.cloud.tencent.com/npm/get-intrinsic/-/get-intrinsic-1.3.0.tgz 0ms (cache hit)
1548 http cache mime-types@https://mirrors.cloud.tencent.com/npm/mime-types/-/mime-types-2.1.35.tgz 0ms (cache hit)
1549 http cache hasown@https://mirrors.cloud.tencent.com/npm/hasown/-/hasown-2.0.4.tgz 0ms (cache hit)
1550 http cache es-set-tostringtag@https://mirrors.cloud.tencent.com/npm/es-set-tostringtag/-/es-set-tostringtag-2.1.0.tgz 0ms (cache hit)
1551 http cache combined-stream@https://mirrors.cloud.tencent.com/npm/combined-stream/-/combined-stream-1.0.8.tgz 0ms (cache hit)
1552 http cache asynckit@https://mirrors.cloud.tencent.com/npm/asynckit/-/asynckit-0.4.0.tgz 0ms (cache hit)
1553 http cache proxy-from-env@https://mirrors.cloud.tencent.com/npm/proxy-from-env/-/proxy-from-env-2.1.0.tgz 0ms (cache hit)
1554 http cache form-data@https://mirrors.cloud.tencent.com/npm/form-data/-/form-data-4.0.6.tgz 0ms (cache hit)
1555 http cache lodash@https://mirrors.cloud.tencent.com/npm/lodash/-/lodash-4.18.1.tgz 0ms (cache hit)
1556 http cache axios@https://mirrors.cloud.tencent.com/npm/axios/-/axios-1.18.1.tgz 0ms (cache hit)
1557 http cache joi@https://mirrors.cloud.tencent.com/npm/joi/-/joi-18.2.3.tgz 0ms (cache hit)
1558 http cache https-proxy-agent@https://mirrors.cloud.tencent.com/npm/https-proxy-agent/-/https-proxy-agent-5.0.1.tgz 0ms (cache hit)
1559 http cache @vue/runtime-core@https://mirrors.cloud.tencent.com/npm/@vue/runtime-core/-/runtime-core-3.5.40.tgz 0ms (cache hit)
1560 http cache @jridgewell/sourcemap-codec@https://mirrors.cloud.tencent.com/npm/@jridgewell/sourcemap-codec/-/sourcemap-codec-1.5.5.tgz 0ms (cache hit)
1561 http cache minimist@https://mirrors.cloud.tencent.com/npm/minimist/-/minimist-1.2.8.tgz 0ms (cache hit)
1562 http cache @vue/reactivity@https://mirrors.cloud.tencent.com/npm/@vue/reactivity/-/reactivity-3.5.40.tgz 0ms (cache hit)
1563 http cache csstype@https://mirrors.cloud.tencent.com/npm/csstype/-/csstype-3.2.3.tgz 0ms (cache hit)
1564 http cache @vue/compiler-ssr@https://mirrors.cloud.tencent.com/npm/@vue/compiler-ssr/-/compiler-ssr-3.5.40.tgz 0ms (cache hit)
1565 http cache @babel/helper-validator-identifier@https://mirrors.cloud.tencent.com/npm/@babel/helper-validator-identifier/-/helper-validator-identifier-7.29.7.tgz 0ms (cache hit)
1566 http cache follow-redirects@https://mirrors.cloud.tencent.com/npm/follow-redirects/-/follow-redirects-1.16.0.tgz 0ms (cache hit)
1567 http cache magic-string@https://mirrors.cloud.tencent.com/npm/magic-string/-/magic-string-0.30.21.tgz 0ms (cache hit)
1568 http cache estree-walker@https://mirrors.cloud.tencent.com/npm/estree-walker/-/estree-walker-2.0.2.tgz 0ms (cache hit)
1569 http cache @babel/helper-string-parser@https://mirrors.cloud.tencent.com/npm/@babel/helper-string-parser/-/helper-string-parser-7.29.7.tgz 0ms (cache hit)
1570 http cache @babel/types@https://mirrors.cloud.tencent.com/npm/@babel/types/-/types-7.29.7.tgz 0ms (cache hit)
1571 http cache @vue/compiler-core@https://mirrors.cloud.tencent.com/npm/@vue/compiler-core/-/compiler-core-3.5.40.tgz 0ms (cache hit)
1572 http cache entities@https://mirrors.cloud.tencent.com/npm/entities/-/entities-7.0.1.tgz 0ms (cache hit)
1573 http cache @vue/shared@https://mirrors.cloud.tencent.com/npm/@vue/shared/-/shared-3.5.40.tgz 0ms (cache hit)
1574 http cache @types/estree@https://mirrors.cloud.tencent.com/npm/@types/estree/-/estree-1.0.9.tgz 0ms (cache hit)
1575 http cache @babel/parser@https://mirrors.cloud.tencent.com/npm/@babel/parser/-/parser-7.29.7.tgz 0ms (cache hit)
1576 http cache @vue/server-renderer@https://mirrors.cloud.tencent.com/npm/@vue/server-renderer/-/server-renderer-3.5.40.tgz 0ms (cache hit)
1577 http cache @rollup/rollup-win32-x64-msvc@https://mirrors.cloud.tencent.com/npm/@rollup/rollup-win32-x64-msvc/-/rollup-win32-x64-msvc-4.62.3.tgz 0ms (cache hit)
1578 http cache @vue/runtime-dom@https://mirrors.cloud.tencent.com/npm/@vue/runtime-dom/-/runtime-dom-3.5.40.tgz 0ms (cache hit)
1579 http cache @vue/compiler-sfc@https://mirrors.cloud.tencent.com/npm/@vue/compiler-sfc/-/compiler-sfc-3.5.40.tgz 0ms (cache hit)
1580 http cache @rollup/rollup-win32-x64-gnu@https://mirrors.cloud.tencent.com/npm/@rollup/rollup-win32-x64-gnu/-/rollup-win32-x64-gnu-4.62.3.tgz 0ms (cache hit)
1581 http cache source-map-js@https://mirrors.cloud.tencent.com/npm/source-map-js/-/source-map-js-1.2.1.tgz 0ms (cache hit)
1582 http cache @esbuild/win32-x64@https://mirrors.cloud.tencent.com/npm/@esbuild/win32-x64/-/win32-x64-0.25.12.tgz 0ms (cache hit)
1583 http cache @vue/compiler-dom@https://mirrors.cloud.tencent.com/npm/@vue/compiler-dom/-/compiler-dom-3.5.40.tgz 0ms (cache hit)
1584 http cache picocolors@https://mirrors.cloud.tencent.com/npm/picocolors/-/picocolors-1.1.1.tgz 0ms (cache hit)
1585 http cache rollup@https://mirrors.cloud.tencent.com/npm/rollup/-/rollup-4.62.3.tgz 0ms (cache hit)
1586 http cache nanoid@https://mirrors.cloud.tencent.com/npm/nanoid/-/nanoid-3.3.16.tgz 0ms (cache hit)
1587 http cache tinyglobby@https://mirrors.cloud.tencent.com/npm/tinyglobby/-/tinyglobby-0.2.17.tgz 0ms (cache hit)
1588 http cache picomatch@https://mirrors.cloud.tencent.com/npm/picomatch/-/picomatch-4.0.5.tgz 0ms (cache hit)
1589 http cache postcss@https://mirrors.cloud.tencent.com/npm/postcss/-/postcss-8.5.23.tgz 0ms (cache hit)
1590 http cache has-flag@https://mirrors.cloud.tencent.com/npm/has-flag/-/has-flag-4.0.0.tgz 0ms (cache hit)
1591 http cache fdir@https://mirrors.cloud.tencent.com/npm/fdir/-/fdir-6.5.0.tgz 0ms (cache hit)
1592 http cache esbuild@https://mirrors.cloud.tencent.com/npm/esbuild/-/esbuild-0.25.12.tgz 0ms (cache hit)
1593 http cache tslib@https://mirrors.cloud.tencent.com/npm/tslib/-/tslib-2.8.1.tgz 0ms (cache hit)
1594 http cache type-fest@https://mirrors.cloud.tencent.com/npm/type-fest/-/type-fest-0.13.1.tgz 0ms (cache hit)
1595 http cache has-property-descriptors@https://mirrors.cloud.tencent.com/npm/has-property-descriptors/-/has-property-descriptors-1.0.2.tgz 0ms (cache hit)
1596 http cache es-errors@https://mirrors.cloud.tencent.com/npm/es-errors/-/es-errors-1.3.0.tgz 0ms (cache hit)
1597 http cache es-define-property@https://mirrors.cloud.tencent.com/npm/es-define-property/-/es-define-property-1.0.1.tgz 0ms (cache hit)
1598 http cache object-keys@https://mirrors.cloud.tencent.com/npm/object-keys/-/object-keys-1.1.1.tgz 0ms (cache hit)
1599 http cache define-data-property@https://mirrors.cloud.tencent.com/npm/define-data-property/-/define-data-property-1.1.4.tgz 0ms (cache hit)
1600 http cache gopd@https://mirrors.cloud.tencent.com/npm/gopd/-/gopd-1.2.0.tgz 0ms (cache hit)
1601 http cache semver-compare@https://mirrors.cloud.tencent.com/npm/semver-compare/-/semver-compare-1.0.0.tgz 0ms (cache hit)
1602 http cache define-properties@https://mirrors.cloud.tencent.com/npm/define-properties/-/define-properties-1.2.1.tgz 0ms (cache hit)
1603 http cache sprintf-js@https://mirrors.cloud.tencent.com/npm/sprintf-js/-/sprintf-js-1.1.3.tgz 0ms (cache hit)
1604 http cache json-stringify-safe@https://mirrors.cloud.tencent.com/npm/json-stringify-safe/-/json-stringify-safe-5.0.1.tgz 0ms (cache hit)
1605 http cache globalthis@https://mirrors.cloud.tencent.com/npm/globalthis/-/globalthis-1.0.4.tgz 0ms (cache hit)
1606 http cache detect-node@https://mirrors.cloud.tencent.com/npm/detect-node/-/detect-node-2.1.0.tgz 1ms (cache hit)
1607 http cache orderedmap@https://mirrors.cloud.tencent.com/npm/orderedmap/-/orderedmap-2.1.1.tgz 0ms (cache hit)
1608 http cache wrappy@https://mirrors.cloud.tencent.com/npm/wrappy/-/wrappy-1.0.2.tgz 0ms (cache hit)
1609 http cache once@https://mirrors.cloud.tencent.com/npm/once/-/once-1.4.0.tgz 0ms (cache hit)
1610 http cache end-of-stream@https://mirrors.cloud.tencent.com/npm/end-of-stream/-/end-of-stream-1.4.5.tgz 0ms (cache hit)
1611 http cache w3c-keyname@https://mirrors.cloud.tencent.com/npm/w3c-keyname/-/w3c-keyname-2.2.8.tgz 0ms (cache hit)
1612 http cache json-buffer@https://mirrors.cloud.tencent.com/npm/json-buffer/-/json-buffer-3.0.1.tgz 0ms (cache hit)
1613 http cache resolve-alpn@https://mirrors.cloud.tencent.com/npm/resolve-alpn/-/resolve-alpn-1.2.1.tgz 0ms (cache hit)
1614 http cache rope-sequence@https://mirrors.cloud.tencent.com/npm/rope-sequence/-/rope-sequence-1.3.4.tgz 0ms (cache hit)
1615 http cache quick-lru@https://mirrors.cloud.tencent.com/npm/quick-lru/-/quick-lru-5.1.1.tgz 0ms (cache hit)
1616 http cache escape-string-regexp@https://mirrors.cloud.tencent.com/npm/escape-string-regexp/-/escape-string-regexp-4.0.0.tgz 0ms (cache hit)
1617 http cache mimic-response@https://mirrors.cloud.tencent.com/npm/mimic-response/-/mimic-response-1.0.1.tgz 0ms (cache hit)
1618 http cache keyv@https://mirrors.cloud.tencent.com/npm/keyv/-/keyv-4.5.4.tgz 0ms (cache hit)
1619 http cache normalize-url@https://mirrors.cloud.tencent.com/npm/normalize-url/-/normalize-url-6.1.0.tgz 0ms (cache hit)
1620 http cache http-cache-semantics@https://mirrors.cloud.tencent.com/npm/http-cache-semantics/-/http-cache-semantics-4.2.0.tgz 0ms (cache hit)
1621 http cache @types/http-cache-semantics@https://mirrors.cloud.tencent.com/npm/@types/http-cache-semantics/-/http-cache-semantics-4.2.0.tgz 0ms (cache hit)
1622 http cache clone-response@https://mirrors.cloud.tencent.com/npm/clone-response/-/clone-response-1.0.3.tgz 0ms (cache hit)
1623 http cache @types/keyv@https://mirrors.cloud.tencent.com/npm/@types/keyv/-/keyv-3.1.4.tgz 0ms (cache hit)
1624 http cache lowercase-keys@https://mirrors.cloud.tencent.com/npm/lowercase-keys/-/lowercase-keys-2.0.0.tgz 0ms (cache hit)
1625 http cache responselike@https://mirrors.cloud.tencent.com/npm/responselike/-/responselike-2.0.1.tgz 0ms (cache hit)
1626 http cache p-cancelable@https://mirrors.cloud.tencent.com/npm/p-cancelable/-/p-cancelable-2.1.1.tgz 0ms (cache hit)
1627 http cache defer-to-connect@https://mirrors.cloud.tencent.com/npm/defer-to-connect/-/defer-to-connect-2.0.1.tgz 0ms (cache hit)
1628 http cache decompress-response@https://mirrors.cloud.tencent.com/npm/decompress-response/-/decompress-response-6.0.0.tgz 0ms (cache hit)
1629 http cache cacheable-request@https://mirrors.cloud.tencent.com/npm/cacheable-request/-/cacheable-request-7.0.4.tgz 0ms (cache hit)
1630 http cache cacheable-lookup@https://mirrors.cloud.tencent.com/npm/cacheable-lookup/-/cacheable-lookup-5.0.4.tgz 0ms (cache hit)
1631 http cache @sindresorhus/is@https://mirrors.cloud.tencent.com/npm/@sindresorhus/is/-/is-4.6.0.tgz 0ms (cache hit)
1632 http cache http2-wrapper@https://mirrors.cloud.tencent.com/npm/http2-wrapper/-/http2-wrapper-1.0.3.tgz 0ms (cache hit)
1633 http cache @types/responselike@https://mirrors.cloud.tencent.com/npm/@types/responselike/-/responselike-1.0.3.tgz 0ms (cache hit)
1634 http cache @szmarczak/http-timer@https://mirrors.cloud.tencent.com/npm/@szmarczak/http-timer/-/http-timer-4.0.6.tgz 0ms (cache hit)
1635 http cache @types/cacheable-request@https://mirrors.cloud.tencent.com/npm/@types/cacheable-request/-/cacheable-request-6.0.3.tgz 0ms (cache hit)
1636 http cache roarr@https://mirrors.cloud.tencent.com/npm/roarr/-/roarr-2.15.4.tgz 0ms (cache hit)
1637 http cache matcher@https://mirrors.cloud.tencent.com/npm/matcher/-/matcher-3.0.0.tgz 0ms (cache hit)
1638 http cache es6-error@https://mirrors.cloud.tencent.com/npm/es6-error/-/es6-error-4.1.1.tgz 0ms (cache hit)
1639 http cache serialize-error@https://mirrors.cloud.tencent.com/npm/serialize-error/-/serialize-error-7.0.1.tgz 0ms (cache hit)
1640 http cache boolean@https://mirrors.cloud.tencent.com/npm/boolean/-/boolean-3.2.0.tgz 0ms (cache hit)
1641 http cache universalify@https://mirrors.cloud.tencent.com/npm/universalify/-/universalify-0.1.2.tgz 0ms (cache hit)
1642 http cache @types/yauzl@https://mirrors.cloud.tencent.com/npm/@types/yauzl/-/yauzl-2.10.3.tgz 0ms (cache hit)
1643 http cache graceful-fs@https://mirrors.cloud.tencent.com/npm/graceful-fs/-/graceful-fs-4.2.11.tgz 0ms (cache hit)
1644 http cache pump@https://mirrors.cloud.tencent.com/npm/pump/-/pump-3.0.4.tgz 0ms (cache hit)
1645 http cache jsonfile@https://mirrors.cloud.tencent.com/npm/jsonfile/-/jsonfile-4.0.0.tgz 0ms (cache hit)
1646 http cache yauzl@https://mirrors.cloud.tencent.com/npm/yauzl/-/yauzl-2.10.0.tgz 0ms (cache hit)
1647 http cache get-stream@https://mirrors.cloud.tencent.com/npm/get-stream/-/get-stream-5.2.0.tgz 0ms (cache hit)
1648 http cache ms@https://mirrors.cloud.tencent.com/npm/ms/-/ms-2.1.3.tgz 0ms (cache hit)
1649 http cache undici-types@https://mirrors.cloud.tencent.com/npm/undici-types/-/undici-types-6.21.0.tgz 0ms (cache hit)
1650 http cache semver@https://mirrors.cloud.tencent.com/npm/semver/-/semver-6.3.1.tgz 0ms (cache hit)
1651 http cache sumchecker@https://mirrors.cloud.tencent.com/npm/sumchecker/-/sumchecker-3.0.1.tgz 0ms (cache hit)
1652 http cache progress@https://mirrors.cloud.tencent.com/npm/progress/-/progress-2.0.3.tgz 0ms (cache hit)
1653 http cache got@https://mirrors.cloud.tencent.com/npm/got/-/got-11.8.6.tgz 0ms (cache hit)
1654 http cache global-agent@https://mirrors.cloud.tencent.com/npm/global-agent/-/global-agent-3.0.0.tgz 0ms (cache hit)
1655 http cache fs-extra@https://mirrors.cloud.tencent.com/npm/fs-extra/-/fs-extra-8.1.0.tgz 0ms (cache hit)
1656 http cache debug@https://mirrors.cloud.tencent.com/npm/debug/-/debug-4.4.3.tgz 0ms (cache hit)
1657 http cache env-paths@https://mirrors.cloud.tencent.com/npm/env-paths/-/env-paths-2.2.1.tgz 0ms (cache hit)
1658 http cache @types/node@https://mirrors.cloud.tencent.com/npm/@types/node/-/node-22.20.1.tgz 0ms (cache hit)
1659 http cache @electron/get@https://mirrors.cloud.tencent.com/npm/@electron/get/-/get-2.0.3.tgz 0ms (cache hit)
1660 http cache extract-zip@https://mirrors.cloud.tencent.com/npm/extract-zip/-/extract-zip-2.0.1.tgz 0ms (cache hit)
1661 http cache color-name@https://mirrors.cloud.tencent.com/npm/color-name/-/color-name-1.1.4.tgz 0ms (cache hit)
1662 http cache color-convert@https://mirrors.cloud.tencent.com/npm/color-convert/-/color-convert-2.0.1.tgz 0ms (cache hit)
1663 http cache tree-kill@https://mirrors.cloud.tencent.com/npm/tree-kill/-/tree-kill-1.2.2.tgz 0ms (cache hit)
1664 http cache yargs@https://mirrors.cloud.tencent.com/npm/yargs/-/yargs-17.7.2.tgz 0ms (cache hit)
1665 http cache supports-color@https://mirrors.cloud.tencent.com/npm/supports-color/-/supports-color-8.1.1.tgz 0ms (cache hit)
1666 http cache rxjs@https://mirrors.cloud.tencent.com/npm/rxjs/-/rxjs-7.8.2.tgz 0ms (cache hit)
1667 http cache ansi-styles@https://mirrors.cloud.tencent.com/npm/ansi-styles/-/ansi-styles-4.3.0.tgz 0ms (cache hit)
1668 http cache @tiptap/extension-floating-menu@https://mirrors.cloud.tencent.com/npm/@tiptap/extension-floating-menu/-/extension-floating-menu-3.29.1.tgz 0ms (cache hit)
1669 http cache shell-quote@https://mirrors.cloud.tencent.com/npm/shell-quote/-/shell-quote-1.9.0.tgz 0ms (cache hit)
1670 http cache chalk@https://mirrors.cloud.tencent.com/npm/chalk/-/chalk-4.1.2.tgz 0ms (cache hit)
1671 http cache @tiptap/extension-bubble-menu@https://mirrors.cloud.tencent.com/npm/@tiptap/extension-bubble-menu/-/extension-bubble-menu-3.29.1.tgz 0ms (cache hit)
1672 http cache @tiptap/extension-underline@https://mirrors.cloud.tencent.com/npm/@tiptap/extension-underline/-/extension-underline-3.29.1.tgz 0ms (cache hit)
1673 http cache @tiptap/extension-text@https://mirrors.cloud.tencent.com/npm/@tiptap/extension-text/-/extension-text-3.29.1.tgz 0ms (cache hit)
1674 http cache @tiptap/extension-paragraph@https://mirrors.cloud.tencent.com/npm/@tiptap/extension-paragraph/-/extension-paragraph-3.29.1.tgz 0ms (cache hit)
1675 http cache @tiptap/extension-strike@https://mirrors.cloud.tencent.com/npm/@tiptap/extension-strike/-/extension-strike-3.29.1.tgz 0ms (cache hit)
1676 http cache @tiptap/extension-list-item@https://mirrors.cloud.tencent.com/npm/@tiptap/extension-list-item/-/extension-list-item-3.29.1.tgz 0ms (cache hit)
1677 http cache @tiptap/extension-ordered-list@https://mirrors.cloud.tencent.com/npm/@tiptap/extension-ordered-list/-/extension-ordered-list-3.29.1.tgz 0ms (cache hit)
1678 http cache @tiptap/extension-italic@https://mirrors.cloud.tencent.com/npm/@tiptap/extension-italic/-/extension-italic-3.29.1.tgz 0ms (cache hit)
1679 http cache @tiptap/extension-horizontal-rule@https://mirrors.cloud.tencent.com/npm/@tiptap/extension-horizontal-rule/-/extension-horizontal-rule-3.29.1.tgz 0ms (cache hit)
1680 http cache @tiptap/extension-heading@https://mirrors.cloud.tencent.com/npm/@tiptap/extension-heading/-/extension-heading-3.29.1.tgz 0ms (cache hit)
1681 http cache @tiptap/extension-list-keymap@https://mirrors.cloud.tencent.com/npm/@tiptap/extension-list-keymap/-/extension-list-keymap-3.29.1.tgz 0ms (cache hit)
1682 http cache @tiptap/extension-dropcursor@https://mirrors.cloud.tencent.com/npm/@tiptap/extension-dropcursor/-/extension-dropcursor-3.29.1.tgz 0ms (cache hit)
1683 http cache @tiptap/extension-hard-break@https://mirrors.cloud.tencent.com/npm/@tiptap/extension-hard-break/-/extension-hard-break-3.29.1.tgz 0ms (cache hit)
1684 http cache @tiptap/extension-gapcursor@https://mirrors.cloud.tencent.com/npm/@tiptap/extension-gapcursor/-/extension-gapcursor-3.29.1.tgz 0ms (cache hit)
1685 http cache @tiptap/extension-document@https://mirrors.cloud.tencent.com/npm/@tiptap/extension-document/-/extension-document-3.29.1.tgz 0ms (cache hit)
1686 http cache @tiptap/extension-code@https://mirrors.cloud.tencent.com/npm/@tiptap/extension-code/-/extension-code-3.29.1.tgz 0ms (cache hit)
1687 http cache @tiptap/extension-code-block@https://mirrors.cloud.tencent.com/npm/@tiptap/extension-code-block/-/extension-code-block-3.29.1.tgz 0ms (cache hit)
1688 http cache @tiptap/extension-list@https://mirrors.cloud.tencent.com/npm/@tiptap/extension-list/-/extension-list-3.29.1.tgz 0ms (cache hit)
1689 http cache @tiptap/extension-blockquote@https://mirrors.cloud.tencent.com/npm/@tiptap/extension-blockquote/-/extension-blockquote-3.29.1.tgz 0ms (cache hit)
1690 http cache @tiptap/extension-bullet-list@https://mirrors.cloud.tencent.com/npm/@tiptap/extension-bullet-list/-/extension-bullet-list-3.29.1.tgz 0ms (cache hit)
1691 http cache @tiptap/extension-bold@https://mirrors.cloud.tencent.com/npm/@tiptap/extension-bold/-/extension-bold-3.29.1.tgz 0ms (cache hit)
1692 http cache prosemirror-transform@https://mirrors.cloud.tencent.com/npm/prosemirror-transform/-/prosemirror-transform-1.12.0.tgz 0ms (cache hit)
1693 http cache prosemirror-model@https://mirrors.cloud.tencent.com/npm/prosemirror-model/-/prosemirror-model-1.25.11.tgz 0ms (cache hit)
1694 http cache prosemirror-tables@https://mirrors.cloud.tencent.com/npm/prosemirror-tables/-/prosemirror-tables-1.8.5.tgz 0ms (cache hit)
1695 http cache prosemirror-view@https://mirrors.cloud.tencent.com/npm/prosemirror-view/-/prosemirror-view-1.42.2.tgz 0ms (cache hit)
1696 http cache prosemirror-state@https://mirrors.cloud.tencent.com/npm/prosemirror-state/-/prosemirror-state-1.4.4.tgz 0ms (cache hit)
1697 http cache prosemirror-schema-list@https://mirrors.cloud.tencent.com/npm/prosemirror-schema-list/-/prosemirror-schema-list-1.5.1.tgz 0ms (cache hit)
1698 http cache prosemirror-inputrules@https://mirrors.cloud.tencent.com/npm/prosemirror-inputrules/-/prosemirror-inputrules-1.5.1.tgz 0ms (cache hit)
1699 http cache prosemirror-keymap@https://mirrors.cloud.tencent.com/npm/prosemirror-keymap/-/prosemirror-keymap-1.2.3.tgz 0ms (cache hit)
1700 http cache prosemirror-gapcursor@https://mirrors.cloud.tencent.com/npm/prosemirror-gapcursor/-/prosemirror-gapcursor-1.4.1.tgz 0ms (cache hit)
1701 http cache prosemirror-commands@https://mirrors.cloud.tencent.com/npm/prosemirror-commands/-/prosemirror-commands-1.7.1.tgz 0ms (cache hit)
1702 http cache prosemirror-dropcursor@https://mirrors.cloud.tencent.com/npm/prosemirror-dropcursor/-/prosemirror-dropcursor-1.8.3.tgz 0ms (cache hit)
1703 http cache prosemirror-history@https://mirrors.cloud.tencent.com/npm/prosemirror-history/-/prosemirror-history-1.5.0.tgz 0ms (cache hit)
1704 http cache linkifyjs@https://mirrors.cloud.tencent.com/npm/linkifyjs/-/linkifyjs-4.3.3.tgz 0ms (cache hit)
1705 http cache @floating-ui/utils@https://mirrors.cloud.tencent.com/npm/@floating-ui/utils/-/utils-0.2.12.tgz 0ms (cache hit)
1706 http cache @floating-ui/core@https://mirrors.cloud.tencent.com/npm/@floating-ui/core/-/core-1.8.0.tgz 0ms (cache hit)
1707 http cache electron@https://mirrors.cloud.tencent.com/npm/electron/-/electron-35.7.5.tgz 0ms (cache hit)
1708 http cache @floating-ui/dom@https://mirrors.cloud.tencent.com/npm/@floating-ui/dom/-/dom-1.8.0.tgz 0ms (cache hit)
1709 http cache vite@https://mirrors.cloud.tencent.com/npm/vite/-/vite-6.4.3.tgz 0ms (cache hit)
1710 http cache @tiptap/vue-3@https://mirrors.cloud.tencent.com/npm/@tiptap/vue-3/-/vue-3-3.29.1.tgz 0ms (cache hit)
1711 http cache wait-on@https://mirrors.cloud.tencent.com/npm/wait-on/-/wait-on-8.0.5.tgz 0ms (cache hit)
1712 http cache prosemirror-changeset@https://mirrors.cloud.tencent.com/npm/prosemirror-changeset/-/prosemirror-changeset-2.4.1.tgz 0ms (cache hit)
1713 http cache concurrently@https://mirrors.cloud.tencent.com/npm/concurrently/-/concurrently-9.2.4.tgz 0ms (cache hit)
1714 http cache @vitejs/plugin-vue@https://mirrors.cloud.tencent.com/npm/@vitejs/plugin-vue/-/plugin-vue-5.2.4.tgz 0ms (cache hit)
1715 http cache @tiptap/extensions@https://mirrors.cloud.tencent.com/npm/@tiptap/extensions/-/extensions-3.29.1.tgz 0ms (cache hit)
1716 http cache vue@https://mirrors.cloud.tencent.com/npm/vue/-/vue-3.5.40.tgz 0ms (cache hit)
1717 http cache @tiptap/starter-kit@https://mirrors.cloud.tencent.com/npm/@tiptap/starter-kit/-/starter-kit-3.29.1.tgz 0ms (cache hit)
1718 http cache @tiptap/pm@https://mirrors.cloud.tencent.com/npm/@tiptap/pm/-/pm-3.29.1.tgz 0ms (cache hit)
1719 http cache @tiptap/extension-link@https://mirrors.cloud.tencent.com/npm/@tiptap/extension-link/-/extension-link-3.29.1.tgz 0ms (cache hit)
1720 http cache @tiptap/extension-highlight@https://mirrors.cloud.tencent.com/npm/@tiptap/extension-highlight/-/extension-highlight-3.29.1.tgz 0ms (cache hit)
1721 http cache mimic-response@https://mirrors.cloud.tencent.com/npm/mimic-response/-/mimic-response-3.1.0.tgz 0ms (cache hit)
1722 http cache semver@https://mirrors.cloud.tencent.com/npm/semver/-/semver-7.8.5.tgz 0ms (cache hit)
1723 http cache @tiptap/extension-placeholder@https://mirrors.cloud.tencent.com/npm/@tiptap/extension-placeholder/-/extension-placeholder-3.29.1.tgz 0ms (cache hit)
1724 http cache @tiptap/extension-image@https://mirrors.cloud.tencent.com/npm/@tiptap/extension-image/-/extension-image-3.29.1.tgz 0ms (cache hit)
1725 http cache @tiptap/core@https://mirrors.cloud.tencent.com/npm/@tiptap/core/-/core-3.29.1.tgz 0ms (cache hit)
1726 silly tarball no local data for buffer-crc32@https://mirrors.cloud.tencent.com/npm/buffer-crc32/-/buffer-crc32-0.2.13.tgz. Extracting by manifest.
1727 silly tarball no local data for pend@https://mirrors.cloud.tencent.com/npm/pend/-/pend-1.2.0.tgz. Extracting by manifest.
1728 silly tarball no local data for fd-slicer@https://mirrors.cloud.tencent.com/npm/fd-slicer/-/fd-slicer-1.1.0.tgz. Extracting by manifest.
1729 silly tarball no local data for is-fullwidth-code-point@https://mirrors.cloud.tencent.com/npm/is-fullwidth-code-point/-/is-fullwidth-code-point-3.0.0.tgz. Extracting by manifest.
1730 silly tarball no local data for wrap-ansi@https://mirrors.cloud.tencent.com/npm/wrap-ansi/-/wrap-ansi-7.0.0.tgz. Extracting by manifest.
1731 silly tarball no local data for emoji-regex@https://mirrors.cloud.tencent.com/npm/emoji-regex/-/emoji-regex-8.0.0.tgz. Extracting by manifest.
1732 silly tarball no local data for ansi-regex@https://mirrors.cloud.tencent.com/npm/ansi-regex/-/ansi-regex-5.0.1.tgz. Extracting by manifest.
1733 silly tarball no local data for strip-ansi@https://mirrors.cloud.tencent.com/npm/strip-ansi/-/strip-ansi-6.0.1.tgz. Extracting by manifest.
1734 silly tarball no local data for yargs-parser@https://mirrors.cloud.tencent.com/npm/yargs-parser/-/yargs-parser-21.1.1.tgz. Extracting by manifest.
1735 silly tarball no local data for string-width@https://mirrors.cloud.tencent.com/npm/string-width/-/string-width-4.2.3.tgz. Extracting by manifest.
1736 http cache supports-color@https://mirrors.cloud.tencent.com/npm/supports-color/-/supports-color-7.2.0.tgz 0ms (cache hit)
1737 silly tarball no local data for y18n@https://mirrors.cloud.tencent.com/npm/y18n/-/y18n-5.0.8.tgz. Extracting by manifest.
1738 silly tarball no local data for cliui@https://mirrors.cloud.tencent.com/npm/cliui/-/cliui-8.0.1.tgz. Extracting by manifest.
1739 silly tarball no local data for require-directory@https://mirrors.cloud.tencent.com/npm/require-directory/-/require-directory-2.1.1.tgz. Extracting by manifest.
1740 silly tarball no local data for escalade@https://mirrors.cloud.tencent.com/npm/escalade/-/escalade-3.2.0.tgz. Extracting by manifest.
1741 silly tarball no local data for mime-db@https://mirrors.cloud.tencent.com/npm/mime-db/-/mime-db-1.52.0.tgz. Extracting by manifest.
1742 silly tarball no local data for @standard-schema/spec@https://mirrors.cloud.tencent.com/npm/@standard-schema/spec/-/spec-1.1.0.tgz. Extracting by manifest.
1743 silly tarball no local data for get-caller-file@https://mirrors.cloud.tencent.com/npm/get-caller-file/-/get-caller-file-2.0.5.tgz. Extracting by manifest.
1744 silly tarball no local data for @hapi/tlds@https://mirrors.cloud.tencent.com/npm/@hapi/tlds/-/tlds-1.1.7.tgz. Extracting by manifest.
1745 silly tarball no local data for @hapi/topo@https://mirrors.cloud.tencent.com/npm/@hapi/topo/-/topo-6.0.2.tgz. Extracting by manifest.
1746 silly tarball no local data for agent-base@https://mirrors.cloud.tencent.com/npm/agent-base/-/agent-base-6.0.2.tgz. Extracting by manifest.
1747 silly tarball no local data for @hapi/hoek@https://mirrors.cloud.tencent.com/npm/@hapi/hoek/-/hoek-11.0.7.tgz. Extracting by manifest.
1748 silly tarball no local data for @hapi/pinpoint@https://mirrors.cloud.tencent.com/npm/@hapi/pinpoint/-/pinpoint-2.0.1.tgz. Extracting by manifest.
1749 silly tarball no local data for @hapi/address@https://mirrors.cloud.tencent.com/npm/@hapi/address/-/address-5.1.1.tgz. Extracting by manifest.
1750 silly tarball no local data for dunder-proto@https://mirrors.cloud.tencent.com/npm/dunder-proto/-/dunder-proto-1.0.1.tgz. Extracting by manifest.
1751 silly tarball no local data for @hapi/formula@https://mirrors.cloud.tencent.com/npm/@hapi/formula/-/formula-3.0.2.tgz. Extracting by manifest.
1752 silly tarball no local data for function-bind@https://mirrors.cloud.tencent.com/npm/function-bind/-/function-bind-1.1.2.tgz. Extracting by manifest.
1753 silly tarball no local data for math-intrinsics@https://mirrors.cloud.tencent.com/npm/math-intrinsics/-/math-intrinsics-1.1.0.tgz. Extracting by manifest.
1754 silly tarball no local data for has-symbols@https://mirrors.cloud.tencent.com/npm/has-symbols/-/has-symbols-1.1.0.tgz. Extracting by manifest.
1755 silly tarball no local data for get-proto@https://mirrors.cloud.tencent.com/npm/get-proto/-/get-proto-1.0.1.tgz. Extracting by manifest.
1756 silly tarball no local data for call-bind-apply-helpers@https://mirrors.cloud.tencent.com/npm/call-bind-apply-helpers/-/call-bind-apply-helpers-1.0.2.tgz. Extracting by manifest.
1757 silly tarball no local data for es-object-atoms@https://mirrors.cloud.tencent.com/npm/es-object-atoms/-/es-object-atoms-1.1.2.tgz. Extracting by manifest.
1758 silly tarball no local data for delayed-stream@https://mirrors.cloud.tencent.com/npm/delayed-stream/-/delayed-stream-1.0.0.tgz. Extracting by manifest.
1759 silly tarball no local data for has-tostringtag@https://mirrors.cloud.tencent.com/npm/has-tostringtag/-/has-tostringtag-1.0.2.tgz. Extracting by manifest.
1760 silly tarball no local data for get-intrinsic@https://mirrors.cloud.tencent.com/npm/get-intrinsic/-/get-intrinsic-1.3.0.tgz. Extracting by manifest.
1761 silly tarball no local data for mime-types@https://mirrors.cloud.tencent.com/npm/mime-types/-/mime-types-2.1.35.tgz. Extracting by manifest.
1762 silly tarball no local data for hasown@https://mirrors.cloud.tencent.com/npm/hasown/-/hasown-2.0.4.tgz. Extracting by manifest.
1763 silly tarball no local data for es-set-tostringtag@https://mirrors.cloud.tencent.com/npm/es-set-tostringtag/-/es-set-tostringtag-2.1.0.tgz. Extracting by manifest.
1764 silly tarball no local data for combined-stream@https://mirrors.cloud.tencent.com/npm/combined-stream/-/combined-stream-1.0.8.tgz. Extracting by manifest.
1765 silly tarball no local data for asynckit@https://mirrors.cloud.tencent.com/npm/asynckit/-/asynckit-0.4.0.tgz. Extracting by manifest.
1766 silly tarball no local data for proxy-from-env@https://mirrors.cloud.tencent.com/npm/proxy-from-env/-/proxy-from-env-2.1.0.tgz. Extracting by manifest.
1767 silly tarball no local data for form-data@https://mirrors.cloud.tencent.com/npm/form-data/-/form-data-4.0.6.tgz. Extracting by manifest.
1768 silly tarball no local data for lodash@https://mirrors.cloud.tencent.com/npm/lodash/-/lodash-4.18.1.tgz. Extracting by manifest.
1769 silly tarball no local data for axios@https://mirrors.cloud.tencent.com/npm/axios/-/axios-1.18.1.tgz. Extracting by manifest.
1770 silly tarball no local data for joi@https://mirrors.cloud.tencent.com/npm/joi/-/joi-18.2.3.tgz. Extracting by manifest.
1771 silly tarball no local data for https-proxy-agent@https://mirrors.cloud.tencent.com/npm/https-proxy-agent/-/https-proxy-agent-5.0.1.tgz. Extracting by manifest.
1772 silly tarball no local data for @vue/runtime-core@https://mirrors.cloud.tencent.com/npm/@vue/runtime-core/-/runtime-core-3.5.40.tgz. Extracting by manifest.
1773 silly tarball no local data for @jridgewell/sourcemap-codec@https://mirrors.cloud.tencent.com/npm/@jridgewell/sourcemap-codec/-/sourcemap-codec-1.5.5.tgz. Extracting by manifest.
1774 silly tarball no local data for minimist@https://mirrors.cloud.tencent.com/npm/minimist/-/minimist-1.2.8.tgz. Extracting by manifest.
1775 silly tarball no local data for @vue/reactivity@https://mirrors.cloud.tencent.com/npm/@vue/reactivity/-/reactivity-3.5.40.tgz. Extracting by manifest.
1776 silly tarball no local data for csstype@https://mirrors.cloud.tencent.com/npm/csstype/-/csstype-3.2.3.tgz. Extracting by manifest.
1777 silly tarball no local data for @vue/compiler-ssr@https://mirrors.cloud.tencent.com/npm/@vue/compiler-ssr/-/compiler-ssr-3.5.40.tgz. Extracting by manifest.
1778 silly tarball no local data for @babel/helper-validator-identifier@https://mirrors.cloud.tencent.com/npm/@babel/helper-validator-identifier/-/helper-validator-identifier-7.29.7.tgz. Extracting by manifest.
1779 silly tarball no local data for follow-redirects@https://mirrors.cloud.tencent.com/npm/follow-redirects/-/follow-redirects-1.16.0.tgz. Extracting by manifest.
1780 silly tarball no local data for magic-string@https://mirrors.cloud.tencent.com/npm/magic-string/-/magic-string-0.30.21.tgz. Extracting by manifest.
1781 silly tarball no local data for estree-walker@https://mirrors.cloud.tencent.com/npm/estree-walker/-/estree-walker-2.0.2.tgz. Extracting by manifest.
1782 silly tarball no local data for @babel/helper-string-parser@https://mirrors.cloud.tencent.com/npm/@babel/helper-string-parser/-/helper-string-parser-7.29.7.tgz. Extracting by manifest.
1783 silly tarball no local data for @babel/types@https://mirrors.cloud.tencent.com/npm/@babel/types/-/types-7.29.7.tgz. Extracting by manifest.
1784 silly tarball no local data for @vue/compiler-core@https://mirrors.cloud.tencent.com/npm/@vue/compiler-core/-/compiler-core-3.5.40.tgz. Extracting by manifest.
1785 silly tarball no local data for entities@https://mirrors.cloud.tencent.com/npm/entities/-/entities-7.0.1.tgz. Extracting by manifest.
1786 silly tarball no local data for @vue/shared@https://mirrors.cloud.tencent.com/npm/@vue/shared/-/shared-3.5.40.tgz. Extracting by manifest.
1787 silly tarball no local data for @types/estree@https://mirrors.cloud.tencent.com/npm/@types/estree/-/estree-1.0.9.tgz. Extracting by manifest.
1788 silly tarball no local data for @babel/parser@https://mirrors.cloud.tencent.com/npm/@babel/parser/-/parser-7.29.7.tgz. Extracting by manifest.
1789 silly tarball no local data for @vue/server-renderer@https://mirrors.cloud.tencent.com/npm/@vue/server-renderer/-/server-renderer-3.5.40.tgz. Extracting by manifest.
1790 silly tarball no local data for @rollup/rollup-win32-x64-msvc@https://mirrors.cloud.tencent.com/npm/@rollup/rollup-win32-x64-msvc/-/rollup-win32-x64-msvc-4.62.3.tgz. Extracting by manifest.
1791 silly tarball no local data for @vue/runtime-dom@https://mirrors.cloud.tencent.com/npm/@vue/runtime-dom/-/runtime-dom-3.5.40.tgz. Extracting by manifest.
1792 silly tarball no local data for @vue/compiler-sfc@https://mirrors.cloud.tencent.com/npm/@vue/compiler-sfc/-/compiler-sfc-3.5.40.tgz. Extracting by manifest.
1793 silly tarball no local data for @rollup/rollup-win32-x64-gnu@https://mirrors.cloud.tencent.com/npm/@rollup/rollup-win32-x64-gnu/-/rollup-win32-x64-gnu-4.62.3.tgz. Extracting by manifest.
1794 silly tarball no local data for source-map-js@https://mirrors.cloud.tencent.com/npm/source-map-js/-/source-map-js-1.2.1.tgz. Extracting by manifest.
1795 silly tarball no local data for @esbuild/win32-x64@https://mirrors.cloud.tencent.com/npm/@esbuild/win32-x64/-/win32-x64-0.25.12.tgz. Extracting by manifest.
1796 silly tarball no local data for @vue/compiler-dom@https://mirrors.cloud.tencent.com/npm/@vue/compiler-dom/-/compiler-dom-3.5.40.tgz. Extracting by manifest.
1797 silly tarball no local data for picocolors@https://mirrors.cloud.tencent.com/npm/picocolors/-/picocolors-1.1.1.tgz. Extracting by manifest.
1798 silly tarball no local data for rollup@https://mirrors.cloud.tencent.com/npm/rollup/-/rollup-4.62.3.tgz. Extracting by manifest.
1799 silly tarball no local data for nanoid@https://mirrors.cloud.tencent.com/npm/nanoid/-/nanoid-3.3.16.tgz. Extracting by manifest.
1800 silly tarball no local data for tinyglobby@https://mirrors.cloud.tencent.com/npm/tinyglobby/-/tinyglobby-0.2.17.tgz. Extracting by manifest.
1801 silly tarball no local data for picomatch@https://mirrors.cloud.tencent.com/npm/picomatch/-/picomatch-4.0.5.tgz. Extracting by manifest.
1802 silly tarball no local data for postcss@https://mirrors.cloud.tencent.com/npm/postcss/-/postcss-8.5.23.tgz. Extracting by manifest.
1803 silly tarball no local data for has-flag@https://mirrors.cloud.tencent.com/npm/has-flag/-/has-flag-4.0.0.tgz. Extracting by manifest.
1804 silly tarball no local data for fdir@https://mirrors.cloud.tencent.com/npm/fdir/-/fdir-6.5.0.tgz. Extracting by manifest.
1805 silly tarball no local data for esbuild@https://mirrors.cloud.tencent.com/npm/esbuild/-/esbuild-0.25.12.tgz. Extracting by manifest.
1806 silly tarball no local data for tslib@https://mirrors.cloud.tencent.com/npm/tslib/-/tslib-2.8.1.tgz. Extracting by manifest.
1807 silly tarball no local data for type-fest@https://mirrors.cloud.tencent.com/npm/type-fest/-/type-fest-0.13.1.tgz. Extracting by manifest.
1808 silly tarball no local data for has-property-descriptors@https://mirrors.cloud.tencent.com/npm/has-property-descriptors/-/has-property-descriptors-1.0.2.tgz. Extracting by manifest.
1809 silly tarball no local data for es-errors@https://mirrors.cloud.tencent.com/npm/es-errors/-/es-errors-1.3.0.tgz. Extracting by manifest.
1810 silly tarball no local data for es-define-property@https://mirrors.cloud.tencent.com/npm/es-define-property/-/es-define-property-1.0.1.tgz. Extracting by manifest.
1811 silly tarball no local data for object-keys@https://mirrors.cloud.tencent.com/npm/object-keys/-/object-keys-1.1.1.tgz. Extracting by manifest.
1812 silly tarball no local data for define-data-property@https://mirrors.cloud.tencent.com/npm/define-data-property/-/define-data-property-1.1.4.tgz. Extracting by manifest.
1813 silly tarball no local data for gopd@https://mirrors.cloud.tencent.com/npm/gopd/-/gopd-1.2.0.tgz. Extracting by manifest.
1814 silly tarball no local data for semver-compare@https://mirrors.cloud.tencent.com/npm/semver-compare/-/semver-compare-1.0.0.tgz. Extracting by manifest.
1815 silly tarball no local data for define-properties@https://mirrors.cloud.tencent.com/npm/define-properties/-/define-properties-1.2.1.tgz. Extracting by manifest.
1816 silly tarball no local data for sprintf-js@https://mirrors.cloud.tencent.com/npm/sprintf-js/-/sprintf-js-1.1.3.tgz. Extracting by manifest.
1817 silly tarball no local data for json-stringify-safe@https://mirrors.cloud.tencent.com/npm/json-stringify-safe/-/json-stringify-safe-5.0.1.tgz. Extracting by manifest.
1818 silly tarball no local data for globalthis@https://mirrors.cloud.tencent.com/npm/globalthis/-/globalthis-1.0.4.tgz. Extracting by manifest.
1819 silly tarball no local data for detect-node@https://mirrors.cloud.tencent.com/npm/detect-node/-/detect-node-2.1.0.tgz. Extracting by manifest.
1820 silly tarball no local data for orderedmap@https://mirrors.cloud.tencent.com/npm/orderedmap/-/orderedmap-2.1.1.tgz. Extracting by manifest.
1821 silly tarball no local data for wrappy@https://mirrors.cloud.tencent.com/npm/wrappy/-/wrappy-1.0.2.tgz. Extracting by manifest.
1822 silly tarball no local data for once@https://mirrors.cloud.tencent.com/npm/once/-/once-1.4.0.tgz. Extracting by manifest.
1823 silly tarball no local data for end-of-stream@https://mirrors.cloud.tencent.com/npm/end-of-stream/-/end-of-stream-1.4.5.tgz. Extracting by manifest.
1824 silly tarball no local data for w3c-keyname@https://mirrors.cloud.tencent.com/npm/w3c-keyname/-/w3c-keyname-2.2.8.tgz. Extracting by manifest.
1825 silly tarball no local data for json-buffer@https://mirrors.cloud.tencent.com/npm/json-buffer/-/json-buffer-3.0.1.tgz. Extracting by manifest.
1826 silly tarball no local data for resolve-alpn@https://mirrors.cloud.tencent.com/npm/resolve-alpn/-/resolve-alpn-1.2.1.tgz. Extracting by manifest.
1827 silly tarball no local data for rope-sequence@https://mirrors.cloud.tencent.com/npm/rope-sequence/-/rope-sequence-1.3.4.tgz. Extracting by manifest.
1828 silly tarball no local data for quick-lru@https://mirrors.cloud.tencent.com/npm/quick-lru/-/quick-lru-5.1.1.tgz. Extracting by manifest.
1829 silly tarball no local data for escape-string-regexp@https://mirrors.cloud.tencent.com/npm/escape-string-regexp/-/escape-string-regexp-4.0.0.tgz. Extracting by manifest.
1830 silly tarball no local data for mimic-response@https://mirrors.cloud.tencent.com/npm/mimic-response/-/mimic-response-1.0.1.tgz. Extracting by manifest.
1831 silly tarball no local data for keyv@https://mirrors.cloud.tencent.com/npm/keyv/-/keyv-4.5.4.tgz. Extracting by manifest.
1832 silly tarball no local data for normalize-url@https://mirrors.cloud.tencent.com/npm/normalize-url/-/normalize-url-6.1.0.tgz. Extracting by manifest.
1833 silly tarball no local data for http-cache-semantics@https://mirrors.cloud.tencent.com/npm/http-cache-semantics/-/http-cache-semantics-4.2.0.tgz. Extracting by manifest.
1834 silly tarball no local data for @types/http-cache-semantics@https://mirrors.cloud.tencent.com/npm/@types/http-cache-semantics/-/http-cache-semantics-4.2.0.tgz. Extracting by manifest.
1835 silly tarball no local data for clone-response@https://mirrors.cloud.tencent.com/npm/clone-response/-/clone-response-1.0.3.tgz. Extracting by manifest.
1836 silly tarball no local data for @types/keyv@https://mirrors.cloud.tencent.com/npm/@types/keyv/-/keyv-3.1.4.tgz. Extracting by manifest.
1837 silly tarball no local data for lowercase-keys@https://mirrors.cloud.tencent.com/npm/lowercase-keys/-/lowercase-keys-2.0.0.tgz. Extracting by manifest.
1838 silly tarball no local data for responselike@https://mirrors.cloud.tencent.com/npm/responselike/-/responselike-2.0.1.tgz. Extracting by manifest.
1839 silly tarball no local data for p-cancelable@https://mirrors.cloud.tencent.com/npm/p-cancelable/-/p-cancelable-2.1.1.tgz. Extracting by manifest.
1840 silly tarball no local data for defer-to-connect@https://mirrors.cloud.tencent.com/npm/defer-to-connect/-/defer-to-connect-2.0.1.tgz. Extracting by manifest.
1841 silly tarball no local data for decompress-response@https://mirrors.cloud.tencent.com/npm/decompress-response/-/decompress-response-6.0.0.tgz. Extracting by manifest.
1842 silly tarball no local data for cacheable-request@https://mirrors.cloud.tencent.com/npm/cacheable-request/-/cacheable-request-7.0.4.tgz. Extracting by manifest.
1843 silly tarball no local data for cacheable-lookup@https://mirrors.cloud.tencent.com/npm/cacheable-lookup/-/cacheable-lookup-5.0.4.tgz. Extracting by manifest.
1844 silly tarball no local data for @sindresorhus/is@https://mirrors.cloud.tencent.com/npm/@sindresorhus/is/-/is-4.6.0.tgz. Extracting by manifest.
1845 silly tarball no local data for http2-wrapper@https://mirrors.cloud.tencent.com/npm/http2-wrapper/-/http2-wrapper-1.0.3.tgz. Extracting by manifest.
1846 silly tarball no local data for @types/responselike@https://mirrors.cloud.tencent.com/npm/@types/responselike/-/responselike-1.0.3.tgz. Extracting by manifest.
1847 silly tarball no local data for @szmarczak/http-timer@https://mirrors.cloud.tencent.com/npm/@szmarczak/http-timer/-/http-timer-4.0.6.tgz. Extracting by manifest.
1848 silly tarball no local data for @types/cacheable-request@https://mirrors.cloud.tencent.com/npm/@types/cacheable-request/-/cacheable-request-6.0.3.tgz. Extracting by manifest.
1849 silly tarball no local data for roarr@https://mirrors.cloud.tencent.com/npm/roarr/-/roarr-2.15.4.tgz. Extracting by manifest.
1850 silly tarball no local data for matcher@https://mirrors.cloud.tencent.com/npm/matcher/-/matcher-3.0.0.tgz. Extracting by manifest.
1851 silly tarball no local data for es6-error@https://mirrors.cloud.tencent.com/npm/es6-error/-/es6-error-4.1.1.tgz. Extracting by manifest.
1852 silly tarball no local data for serialize-error@https://mirrors.cloud.tencent.com/npm/serialize-error/-/serialize-error-7.0.1.tgz. Extracting by manifest.
1853 silly tarball no local data for boolean@https://mirrors.cloud.tencent.com/npm/boolean/-/boolean-3.2.0.tgz. Extracting by manifest.
1854 silly tarball no local data for universalify@https://mirrors.cloud.tencent.com/npm/universalify/-/universalify-0.1.2.tgz. Extracting by manifest.
1855 silly tarball no local data for @types/yauzl@https://mirrors.cloud.tencent.com/npm/@types/yauzl/-/yauzl-2.10.3.tgz. Extracting by manifest.
1856 silly tarball no local data for graceful-fs@https://mirrors.cloud.tencent.com/npm/graceful-fs/-/graceful-fs-4.2.11.tgz. Extracting by manifest.
1857 silly tarball no local data for pump@https://mirrors.cloud.tencent.com/npm/pump/-/pump-3.0.4.tgz. Extracting by manifest.
1858 silly tarball no local data for jsonfile@https://mirrors.cloud.tencent.com/npm/jsonfile/-/jsonfile-4.0.0.tgz. Extracting by manifest.
1859 silly tarball no local data for yauzl@https://mirrors.cloud.tencent.com/npm/yauzl/-/yauzl-2.10.0.tgz. Extracting by manifest.
1860 silly tarball no local data for get-stream@https://mirrors.cloud.tencent.com/npm/get-stream/-/get-stream-5.2.0.tgz. Extracting by manifest.
1861 silly tarball no local data for ms@https://mirrors.cloud.tencent.com/npm/ms/-/ms-2.1.3.tgz. Extracting by manifest.
1862 silly tarball no local data for undici-types@https://mirrors.cloud.tencent.com/npm/undici-types/-/undici-types-6.21.0.tgz. Extracting by manifest.
1863 silly tarball no local data for semver@https://mirrors.cloud.tencent.com/npm/semver/-/semver-6.3.1.tgz. Extracting by manifest.
1864 silly tarball no local data for sumchecker@https://mirrors.cloud.tencent.com/npm/sumchecker/-/sumchecker-3.0.1.tgz. Extracting by manifest.
1865 silly tarball no local data for progress@https://mirrors.cloud.tencent.com/npm/progress/-/progress-2.0.3.tgz. Extracting by manifest.
1866 silly tarball no local data for got@https://mirrors.cloud.tencent.com/npm/got/-/got-11.8.6.tgz. Extracting by manifest.
1867 silly tarball no local data for global-agent@https://mirrors.cloud.tencent.com/npm/global-agent/-/global-agent-3.0.0.tgz. Extracting by manifest.
1868 silly tarball no local data for fs-extra@https://mirrors.cloud.tencent.com/npm/fs-extra/-/fs-extra-8.1.0.tgz. Extracting by manifest.
1869 silly tarball no local data for debug@https://mirrors.cloud.tencent.com/npm/debug/-/debug-4.4.3.tgz. Extracting by manifest.
1870 silly tarball no local data for env-paths@https://mirrors.cloud.tencent.com/npm/env-paths/-/env-paths-2.2.1.tgz. Extracting by manifest.
1871 silly tarball no local data for @types/node@https://mirrors.cloud.tencent.com/npm/@types/node/-/node-22.20.1.tgz. Extracting by manifest.
1872 silly tarball no local data for @electron/get@https://mirrors.cloud.tencent.com/npm/@electron/get/-/get-2.0.3.tgz. Extracting by manifest.
1873 silly tarball no local data for extract-zip@https://mirrors.cloud.tencent.com/npm/extract-zip/-/extract-zip-2.0.1.tgz. Extracting by manifest.
1874 silly tarball no local data for color-name@https://mirrors.cloud.tencent.com/npm/color-name/-/color-name-1.1.4.tgz. Extracting by manifest.
1875 silly tarball no local data for color-convert@https://mirrors.cloud.tencent.com/npm/color-convert/-/color-convert-2.0.1.tgz. Extracting by manifest.
1876 silly tarball no local data for tree-kill@https://mirrors.cloud.tencent.com/npm/tree-kill/-/tree-kill-1.2.2.tgz. Extracting by manifest.
1877 silly tarball no local data for yargs@https://mirrors.cloud.tencent.com/npm/yargs/-/yargs-17.7.2.tgz. Extracting by manifest.
1878 silly tarball no local data for supports-color@https://mirrors.cloud.tencent.com/npm/supports-color/-/supports-color-8.1.1.tgz. Extracting by manifest.
1879 silly tarball no local data for rxjs@https://mirrors.cloud.tencent.com/npm/rxjs/-/rxjs-7.8.2.tgz. Extracting by manifest.
1880 silly tarball no local data for ansi-styles@https://mirrors.cloud.tencent.com/npm/ansi-styles/-/ansi-styles-4.3.0.tgz. Extracting by manifest.
1881 silly tarball no local data for @tiptap/extension-floating-menu@https://mirrors.cloud.tencent.com/npm/@tiptap/extension-floating-menu/-/extension-floating-menu-3.29.1.tgz. Extracting by manifest.
1882 silly tarball no local data for shell-quote@https://mirrors.cloud.tencent.com/npm/shell-quote/-/shell-quote-1.9.0.tgz. Extracting by manifest.
1883 silly tarball no local data for chalk@https://mirrors.cloud.tencent.com/npm/chalk/-/chalk-4.1.2.tgz. Extracting by manifest.
1884 silly tarball no local data for @tiptap/extension-bubble-menu@https://mirrors.cloud.tencent.com/npm/@tiptap/extension-bubble-menu/-/extension-bubble-menu-3.29.1.tgz. Extracting by manifest.
1885 silly tarball no local data for @tiptap/extension-underline@https://mirrors.cloud.tencent.com/npm/@tiptap/extension-underline/-/extension-underline-3.29.1.tgz. Extracting by manifest.
1886 silly tarball no local data for @tiptap/extension-text@https://mirrors.cloud.tencent.com/npm/@tiptap/extension-text/-/extension-text-3.29.1.tgz. Extracting by manifest.
1887 silly tarball no local data for @tiptap/extension-paragraph@https://mirrors.cloud.tencent.com/npm/@tiptap/extension-paragraph/-/extension-paragraph-3.29.1.tgz. Extracting by manifest.
1888 silly tarball no local data for @tiptap/extension-strike@https://mirrors.cloud.tencent.com/npm/@tiptap/extension-strike/-/extension-strike-3.29.1.tgz. Extracting by manifest.
1889 silly tarball no local data for @tiptap/extension-list-item@https://mirrors.cloud.tencent.com/npm/@tiptap/extension-list-item/-/extension-list-item-3.29.1.tgz. Extracting by manifest.
1890 silly tarball no local data for @tiptap/extension-ordered-list@https://mirrors.cloud.tencent.com/npm/@tiptap/extension-ordered-list/-/extension-ordered-list-3.29.1.tgz. Extracting by manifest.
1891 silly tarball no local data for @tiptap/extension-italic@https://mirrors.cloud.tencent.com/npm/@tiptap/extension-italic/-/extension-italic-3.29.1.tgz. Extracting by manifest.
1892 silly tarball no local data for @tiptap/extension-horizontal-rule@https://mirrors.cloud.tencent.com/npm/@tiptap/extension-horizontal-rule/-/extension-horizontal-rule-3.29.1.tgz. Extracting by manifest.
1893 silly tarball no local data for @tiptap/extension-heading@https://mirrors.cloud.tencent.com/npm/@tiptap/extension-heading/-/extension-heading-3.29.1.tgz. Extracting by manifest.
1894 silly tarball no local data for @tiptap/extension-list-keymap@https://mirrors.cloud.tencent.com/npm/@tiptap/extension-list-keymap/-/extension-list-keymap-3.29.1.tgz. Extracting by manifest.
1895 silly tarball no local data for @tiptap/extension-dropcursor@https://mirrors.cloud.tencent.com/npm/@tiptap/extension-dropcursor/-/extension-dropcursor-3.29.1.tgz. Extracting by manifest.
1896 silly tarball no local data for @tiptap/extension-hard-break@https://mirrors.cloud.tencent.com/npm/@tiptap/extension-hard-break/-/extension-hard-break-3.29.1.tgz. Extracting by manifest.
1897 silly tarball no local data for @tiptap/extension-gapcursor@https://mirrors.cloud.tencent.com/npm/@tiptap/extension-gapcursor/-/extension-gapcursor-3.29.1.tgz. Extracting by manifest.
1898 silly tarball no local data for @tiptap/extension-document@https://mirrors.cloud.tencent.com/npm/@tiptap/extension-document/-/extension-document-3.29.1.tgz. Extracting by manifest.
1899 silly tarball no local data for @tiptap/extension-code@https://mirrors.cloud.tencent.com/npm/@tiptap/extension-code/-/extension-code-3.29.1.tgz. Extracting by manifest.
1900 silly tarball no local data for @tiptap/extension-code-block@https://mirrors.cloud.tencent.com/npm/@tiptap/extension-code-block/-/extension-code-block-3.29.1.tgz. Extracting by manifest.
1901 silly tarball no local data for @tiptap/extension-list@https://mirrors.cloud.tencent.com/npm/@tiptap/extension-list/-/extension-list-3.29.1.tgz. Extracting by manifest.
1902 silly tarball no local data for @tiptap/extension-blockquote@https://mirrors.cloud.tencent.com/npm/@tiptap/extension-blockquote/-/extension-blockquote-3.29.1.tgz. Extracting by manifest.
1903 silly tarball no local data for @tiptap/extension-bullet-list@https://mirrors.cloud.tencent.com/npm/@tiptap/extension-bullet-list/-/extension-bullet-list-3.29.1.tgz. Extracting by manifest.
1904 silly tarball no local data for @tiptap/extension-bold@https://mirrors.cloud.tencent.com/npm/@tiptap/extension-bold/-/extension-bold-3.29.1.tgz. Extracting by manifest.
1905 silly tarball no local data for prosemirror-transform@https://mirrors.cloud.tencent.com/npm/prosemirror-transform/-/prosemirror-transform-1.12.0.tgz. Extracting by manifest.
1906 silly tarball no local data for prosemirror-model@https://mirrors.cloud.tencent.com/npm/prosemirror-model/-/prosemirror-model-1.25.11.tgz. Extracting by manifest.
1907 silly tarball no local data for prosemirror-tables@https://mirrors.cloud.tencent.com/npm/prosemirror-tables/-/prosemirror-tables-1.8.5.tgz. Extracting by manifest.
1908 silly tarball no local data for prosemirror-view@https://mirrors.cloud.tencent.com/npm/prosemirror-view/-/prosemirror-view-1.42.2.tgz. Extracting by manifest.
1909 silly tarball no local data for prosemirror-state@https://mirrors.cloud.tencent.com/npm/prosemirror-state/-/prosemirror-state-1.4.4.tgz. Extracting by manifest.
1910 silly tarball no local data for prosemirror-schema-list@https://mirrors.cloud.tencent.com/npm/prosemirror-schema-list/-/prosemirror-schema-list-1.5.1.tgz. Extracting by manifest.
1911 silly tarball no local data for prosemirror-inputrules@https://mirrors.cloud.tencent.com/npm/prosemirror-inputrules/-/prosemirror-inputrules-1.5.1.tgz. Extracting by manifest.
1912 silly tarball no local data for prosemirror-keymap@https://mirrors.cloud.tencent.com/npm/prosemirror-keymap/-/prosemirror-keymap-1.2.3.tgz. Extracting by manifest.
1913 silly tarball no local data for prosemirror-gapcursor@https://mirrors.cloud.tencent.com/npm/prosemirror-gapcursor/-/prosemirror-gapcursor-1.4.1.tgz. Extracting by manifest.
1914 silly tarball no local data for prosemirror-commands@https://mirrors.cloud.tencent.com/npm/prosemirror-commands/-/prosemirror-commands-1.7.1.tgz. Extracting by manifest.
1915 silly tarball no local data for prosemirror-dropcursor@https://mirrors.cloud.tencent.com/npm/prosemirror-dropcursor/-/prosemirror-dropcursor-1.8.3.tgz. Extracting by manifest.
1916 silly tarball no local data for prosemirror-history@https://mirrors.cloud.tencent.com/npm/prosemirror-history/-/prosemirror-history-1.5.0.tgz. Extracting by manifest.
1917 silly tarball no local data for linkifyjs@https://mirrors.cloud.tencent.com/npm/linkifyjs/-/linkifyjs-4.3.3.tgz. Extracting by manifest.
1918 silly tarball no local data for @floating-ui/utils@https://mirrors.cloud.tencent.com/npm/@floating-ui/utils/-/utils-0.2.12.tgz. Extracting by manifest.
1919 silly tarball no local data for @floating-ui/core@https://mirrors.cloud.tencent.com/npm/@floating-ui/core/-/core-1.8.0.tgz. Extracting by manifest.
1920 silly tarball no local data for electron@https://mirrors.cloud.tencent.com/npm/electron/-/electron-35.7.5.tgz. Extracting by manifest.
1921 silly tarball no local data for @floating-ui/dom@https://mirrors.cloud.tencent.com/npm/@floating-ui/dom/-/dom-1.8.0.tgz. Extracting by manifest.
1922 silly tarball no local data for vite@https://mirrors.cloud.tencent.com/npm/vite/-/vite-6.4.3.tgz. Extracting by manifest.
1923 silly tarball no local data for @tiptap/vue-3@https://mirrors.cloud.tencent.com/npm/@tiptap/vue-3/-/vue-3-3.29.1.tgz. Extracting by manifest.
1924 silly tarball no local data for wait-on@https://mirrors.cloud.tencent.com/npm/wait-on/-/wait-on-8.0.5.tgz. Extracting by manifest.
1925 silly tarball no local data for prosemirror-changeset@https://mirrors.cloud.tencent.com/npm/prosemirror-changeset/-/prosemirror-changeset-2.4.1.tgz. Extracting by manifest.
1926 silly tarball no local data for concurrently@https://mirrors.cloud.tencent.com/npm/concurrently/-/concurrently-9.2.4.tgz. Extracting by manifest.
1927 silly tarball no local data for @vitejs/plugin-vue@https://mirrors.cloud.tencent.com/npm/@vitejs/plugin-vue/-/plugin-vue-5.2.4.tgz. Extracting by manifest.
1928 silly tarball no local data for @tiptap/extensions@https://mirrors.cloud.tencent.com/npm/@tiptap/extensions/-/extensions-3.29.1.tgz. Extracting by manifest.
1929 silly tarball no local data for vue@https://mirrors.cloud.tencent.com/npm/vue/-/vue-3.5.40.tgz. Extracting by manifest.
1930 silly tarball no local data for @tiptap/starter-kit@https://mirrors.cloud.tencent.com/npm/@tiptap/starter-kit/-/starter-kit-3.29.1.tgz. Extracting by manifest.
1931 silly tarball no local data for @tiptap/pm@https://mirrors.cloud.tencent.com/npm/@tiptap/pm/-/pm-3.29.1.tgz. Extracting by manifest.
1932 silly tarball no local data for @tiptap/extension-link@https://mirrors.cloud.tencent.com/npm/@tiptap/extension-link/-/extension-link-3.29.1.tgz. Extracting by manifest.
1933 silly tarball no local data for @tiptap/extension-highlight@https://mirrors.cloud.tencent.com/npm/@tiptap/extension-highlight/-/extension-highlight-3.29.1.tgz. Extracting by manifest.
1934 silly tarball no local data for mimic-response@https://mirrors.cloud.tencent.com/npm/mimic-response/-/mimic-response-3.1.0.tgz. Extracting by manifest.
1935 silly tarball no local data for semver@https://mirrors.cloud.tencent.com/npm/semver/-/semver-7.8.5.tgz. Extracting by manifest.
1936 silly tarball no local data for @tiptap/extension-placeholder@https://mirrors.cloud.tencent.com/npm/@tiptap/extension-placeholder/-/extension-placeholder-3.29.1.tgz. Extracting by manifest.
1937 silly tarball no local data for @tiptap/extension-image@https://mirrors.cloud.tencent.com/npm/@tiptap/extension-image/-/extension-image-3.29.1.tgz. Extracting by manifest.
1938 silly tarball no local data for @tiptap/core@https://mirrors.cloud.tencent.com/npm/@tiptap/core/-/core-3.29.1.tgz. Extracting by manifest.
1939 silly tarball no local data for supports-color@https://mirrors.cloud.tencent.com/npm/supports-color/-/supports-color-7.2.0.tgz. Extracting by manifest.
1940 http fetch GET 200 https://mirrors.cloud.tencent.com/npm/strip-ansi/-/strip-ansi-6.0.1.tgz 276ms (cache miss)
1941 http fetch GET 200 https://mirrors.cloud.tencent.com/npm/wrap-ansi/-/wrap-ansi-7.0.0.tgz 278ms (cache miss)
1942 http fetch GET 200 https://mirrors.cloud.tencent.com/npm/escalade/-/escalade-3.2.0.tgz 284ms (cache miss)
1943 http fetch GET 200 https://mirrors.cloud.tencent.com/npm/y18n/-/y18n-5.0.8.tgz 287ms (cache miss)
1944 http fetch GET 200 https://mirrors.cloud.tencent.com/npm/emoji-regex/-/emoji-regex-8.0.0.tgz 309ms (cache miss)
1945 http fetch GET 200 https://mirrors.cloud.tencent.com/npm/ansi-regex/-/ansi-regex-5.0.1.tgz 314ms (cache miss)
1946 http fetch GET 200 https://mirrors.cloud.tencent.com/npm/require-directory/-/require-directory-2.1.1.tgz 355ms (cache miss)
1947 http fetch GET 200 https://mirrors.cloud.tencent.com/npm/pend/-/pend-1.2.0.tgz 379ms (cache miss)
1948 http fetch GET 200 https://mirrors.cloud.tencent.com/npm/fd-slicer/-/fd-slicer-1.1.0.tgz 386ms (cache miss)
1949 http fetch GET 200 https://mirrors.cloud.tencent.com/npm/string-width/-/string-width-4.2.3.tgz 384ms (cache miss)
1950 http fetch GET 200 https://mirrors.cloud.tencent.com/npm/is-fullwidth-code-point/-/is-fullwidth-code-point-3.0.0.tgz 415ms (cache miss)
1951 http fetch GET 200 https://mirrors.cloud.tencent.com/npm/buffer-crc32/-/buffer-crc32-0.2.13.tgz 431ms (cache miss)
1952 http fetch GET 200 https://mirrors.cloud.tencent.com/npm/cliui/-/cliui-8.0.1.tgz 435ms (cache miss)
1953 http fetch GET 200 https://mirrors.cloud.tencent.com/npm/@standard-schema/spec/-/spec-1.1.0.tgz 537ms (cache miss)
1954 http fetch GET 200 https://mirrors.cloud.tencent.com/npm/mime-db/-/mime-db-1.52.0.tgz 543ms (cache miss)
1955 http fetch GET 200 https://mirrors.cloud.tencent.com/npm/@hapi/topo/-/topo-6.0.2.tgz 547ms (cache miss)
1956 http fetch GET 200 https://mirrors.cloud.tencent.com/npm/agent-base/-/agent-base-6.0.2.tgz 546ms (cache miss)
1957 http fetch GET 200 https://mirrors.cloud.tencent.com/npm/get-caller-file/-/get-caller-file-2.0.5.tgz 563ms (cache miss)
1958 http fetch GET 200 https://mirrors.cloud.tencent.com/npm/yargs-parser/-/yargs-parser-21.1.1.tgz 575ms (cache miss)
1959 http fetch GET 200 https://mirrors.cloud.tencent.com/npm/dunder-proto/-/dunder-proto-1.0.1.tgz 587ms (cache miss)
1960 http fetch GET 200 https://mirrors.cloud.tencent.com/npm/@hapi/pinpoint/-/pinpoint-2.0.1.tgz 607ms (cache miss)
1961 http fetch GET 200 https://mirrors.cloud.tencent.com/npm/@hapi/tlds/-/tlds-1.1.7.tgz 638ms (cache miss)
1962 http fetch GET 200 https://mirrors.cloud.tencent.com/npm/math-intrinsics/-/math-intrinsics-1.1.0.tgz 643ms (cache miss)
1963 http fetch GET 200 https://mirrors.cloud.tencent.com/npm/function-bind/-/function-bind-1.1.2.tgz 645ms (cache miss)
1964 http fetch GET 200 https://mirrors.cloud.tencent.com/npm/@hapi/hoek/-/hoek-11.0.7.tgz 674ms (cache miss)
1965 http fetch GET 200 https://mirrors.cloud.tencent.com/npm/@hapi/formula/-/formula-3.0.2.tgz 712ms (cache miss)
1966 http fetch GET 200 https://mirrors.cloud.tencent.com/npm/hasown/-/hasown-2.0.4.tgz 719ms (cache miss)
1967 http fetch GET 200 https://mirrors.cloud.tencent.com/npm/combined-stream/-/combined-stream-1.0.8.tgz 721ms (cache miss)
1968 http fetch GET 200 https://mirrors.cloud.tencent.com/npm/has-tostringtag/-/has-tostringtag-1.0.2.tgz 734ms (cache miss)
1969 http fetch GET 200 https://mirrors.cloud.tencent.com/npm/call-bind-apply-helpers/-/call-bind-apply-helpers-1.0.2.tgz 736ms (cache miss)
1970 http fetch GET 200 https://mirrors.cloud.tencent.com/npm/has-symbols/-/has-symbols-1.1.0.tgz 738ms (cache miss)
1971 http fetch GET 200 https://mirrors.cloud.tencent.com/npm/@hapi/address/-/address-5.1.1.tgz 745ms (cache miss)
1972 http fetch GET 200 https://mirrors.cloud.tencent.com/npm/asynckit/-/asynckit-0.4.0.tgz 755ms (cache miss)
1973 http fetch GET 200 https://mirrors.cloud.tencent.com/npm/get-intrinsic/-/get-intrinsic-1.3.0.tgz 762ms (cache miss)
1974 http fetch GET 200 https://mirrors.cloud.tencent.com/npm/get-proto/-/get-proto-1.0.1.tgz 769ms (cache miss)
1975 http fetch GET 200 https://mirrors.cloud.tencent.com/npm/mime-types/-/mime-types-2.1.35.tgz 827ms (cache miss)
1976 http fetch GET 200 https://mirrors.cloud.tencent.com/npm/delayed-stream/-/delayed-stream-1.0.0.tgz 829ms (cache miss)
1977 http fetch GET 200 https://mirrors.cloud.tencent.com/npm/es-object-atoms/-/es-object-atoms-1.1.2.tgz 838ms (cache miss)
1978 http fetch GET 200 https://mirrors.cloud.tencent.com/npm/es-set-tostringtag/-/es-set-tostringtag-2.1.0.tgz 872ms (cache miss)
1979 http fetch GET 200 https://mirrors.cloud.tencent.com/npm/minimist/-/minimist-1.2.8.tgz 885ms (cache miss)
1980 http fetch GET 200 https://mirrors.cloud.tencent.com/npm/@jridgewell/sourcemap-codec/-/sourcemap-codec-1.5.5.tgz 895ms (cache miss)
1981 http fetch GET 200 https://mirrors.cloud.tencent.com/npm/proxy-from-env/-/proxy-from-env-2.1.0.tgz 929ms (cache miss)
1982 http fetch GET 200 https://mirrors.cloud.tencent.com/npm/@vue/compiler-ssr/-/compiler-ssr-3.5.40.tgz 942ms (cache miss)
1983 http fetch GET 200 https://mirrors.cloud.tencent.com/npm/form-data/-/form-data-4.0.6.tgz 958ms (cache miss)
1984 http fetch GET 200 https://mirrors.cloud.tencent.com/npm/https-proxy-agent/-/https-proxy-agent-5.0.1.tgz 1029ms (cache miss)
1985 http fetch GET 200 https://mirrors.cloud.tencent.com/npm/@babel/helper-string-parser/-/helper-string-parser-7.29.7.tgz 1057ms (cache miss)
1986 http fetch GET 200 https://mirrors.cloud.tencent.com/npm/@babel/helper-validator-identifier/-/helper-validator-identifier-7.29.7.tgz 1095ms (cache miss)
1987 http fetch GET 200 https://mirrors.cloud.tencent.com/npm/@vue/runtime-core/-/runtime-core-3.5.40.tgz 1101ms (cache miss)
1988 http fetch GET 200 https://mirrors.cloud.tencent.com/npm/follow-redirects/-/follow-redirects-1.16.0.tgz 1126ms (cache miss)
1989 http fetch GET 200 https://mirrors.cloud.tencent.com/npm/csstype/-/csstype-3.2.3.tgz 1133ms (cache miss)
1990 http fetch GET 200 https://mirrors.cloud.tencent.com/npm/estree-walker/-/estree-walker-2.0.2.tgz 1143ms (cache miss)
1991 http fetch GET 200 https://mirrors.cloud.tencent.com/npm/@types/estree/-/estree-1.0.9.tgz 1146ms (cache miss)
1992 http fetch GET 200 https://mirrors.cloud.tencent.com/npm/@vue/reactivity/-/reactivity-3.5.40.tgz 1161ms (cache miss)
1993 http fetch GET 200 https://mirrors.cloud.tencent.com/npm/@vue/compiler-core/-/compiler-core-3.5.40.tgz 1188ms (cache miss)
1994 http fetch GET 200 https://mirrors.cloud.tencent.com/npm/magic-string/-/magic-string-0.30.21.tgz 1222ms (cache miss)
1995 http fetch GET 200 https://mirrors.cloud.tencent.com/npm/joi/-/joi-18.2.3.tgz 1243ms (cache miss)
1996 http fetch GET 200 https://mirrors.cloud.tencent.com/npm/@vue/server-renderer/-/server-renderer-3.5.40.tgz 1311ms (cache miss)
1997 http fetch GET 200 https://mirrors.cloud.tencent.com/npm/@vue/runtime-dom/-/runtime-dom-3.5.40.tgz 1326ms (cache miss)
1998 http fetch GET 200 https://mirrors.cloud.tencent.com/npm/@vue/shared/-/shared-3.5.40.tgz 1370ms (cache miss)
1999 http fetch GET 200 https://mirrors.cloud.tencent.com/npm/tinyglobby/-/tinyglobby-0.2.17.tgz 1407ms (cache miss)
2000 http fetch GET 200 https://mirrors.cloud.tencent.com/npm/picomatch/-/picomatch-4.0.5.tgz 1436ms (cache miss)
2001 http fetch GET 200 https://mirrors.cloud.tencent.com/npm/picocolors/-/picocolors-1.1.1.tgz 1457ms (cache miss)
2002 http fetch GET 200 https://mirrors.cloud.tencent.com/npm/source-map-js/-/source-map-js-1.2.1.tgz 1494ms (cache miss)
2003 http fetch GET 200 https://mirrors.cloud.tencent.com/npm/has-flag/-/has-flag-4.0.0.tgz 1500ms (cache miss)
2004 http fetch GET 200 https://mirrors.cloud.tencent.com/npm/axios/-/axios-1.18.1.tgz 1563ms (cache miss)
2005 http fetch GET 200 https://mirrors.cloud.tencent.com/npm/nanoid/-/nanoid-3.3.16.tgz 1569ms (cache miss)
2006 http fetch GET 200 https://mirrors.cloud.tencent.com/npm/@babel/parser/-/parser-7.29.7.tgz 1587ms (cache miss)
2007 http fetch GET 200 https://mirrors.cloud.tencent.com/npm/fdir/-/fdir-6.5.0.tgz 1603ms (cache miss)
2008 http fetch GET 200 https://mirrors.cloud.tencent.com/npm/@vue/compiler-dom/-/compiler-dom-3.5.40.tgz 1616ms (cache miss)
2009 http fetch GET 200 https://mirrors.cloud.tencent.com/npm/rollup/-/rollup-4.62.3.tgz 1641ms (cache miss)
2010 http fetch GET 200 https://mirrors.cloud.tencent.com/npm/has-property-descriptors/-/has-property-descriptors-1.0.2.tgz 1646ms (cache miss)
2011 http fetch GET 200 https://mirrors.cloud.tencent.com/npm/@rollup/rollup-win32-x64-msvc/-/rollup-win32-x64-msvc-4.62.3.tgz 1689ms (cache miss)
2012 http fetch GET 200 https://mirrors.cloud.tencent.com/npm/@vue/compiler-sfc/-/compiler-sfc-3.5.40.tgz 1691ms (cache miss)
2013 http fetch GET 200 https://mirrors.cloud.tencent.com/npm/object-keys/-/object-keys-1.1.1.tgz 1706ms (cache miss)
2014 http fetch GET 200 https://mirrors.cloud.tencent.com/npm/@rollup/rollup-win32-x64-gnu/-/rollup-win32-x64-gnu-4.62.3.tgz 1744ms (cache miss)
2015 http fetch GET 200 https://mirrors.cloud.tencent.com/npm/gopd/-/gopd-1.2.0.tgz 1745ms (cache miss)
2016 http fetch GET 200 https://mirrors.cloud.tencent.com/npm/semver-compare/-/semver-compare-1.0.0.tgz 1746ms (cache miss)
2017 http fetch GET 200 https://mirrors.cloud.tencent.com/npm/json-stringify-safe/-/json-stringify-safe-5.0.1.tgz 1747ms (cache miss)
2018 http fetch GET 200 https://mirrors.cloud.tencent.com/npm/esbuild/-/esbuild-0.25.12.tgz 1769ms (cache miss)
2019 http fetch GET 200 https://mirrors.cloud.tencent.com/npm/es-define-property/-/es-define-property-1.0.1.tgz 1768ms (cache miss)
2020 http fetch GET 200 https://mirrors.cloud.tencent.com/npm/tslib/-/tslib-2.8.1.tgz 1784ms (cache miss)
2021 http fetch GET 200 https://mirrors.cloud.tencent.com/npm/wrappy/-/wrappy-1.0.2.tgz 1777ms (cache miss)
2022 http fetch GET 200 https://mirrors.cloud.tencent.com/npm/es-errors/-/es-errors-1.3.0.tgz 1797ms (cache miss)
2023 http fetch GET 200 https://mirrors.cloud.tencent.com/npm/define-data-property/-/define-data-property-1.1.4.tgz 1795ms (cache miss)
2024 http fetch GET 200 https://mirrors.cloud.tencent.com/npm/orderedmap/-/orderedmap-2.1.1.tgz 1808ms (cache miss)
2025 http fetch GET 200 https://mirrors.cloud.tencent.com/npm/globalthis/-/globalthis-1.0.4.tgz 1815ms (cache miss)
2026 http fetch GET 200 https://mirrors.cloud.tencent.com/npm/type-fest/-/type-fest-0.13.1.tgz 1833ms (cache miss)
2027 http fetch GET 200 https://mirrors.cloud.tencent.com/npm/resolve-alpn/-/resolve-alpn-1.2.1.tgz 1848ms (cache miss)
2028 http fetch GET 200 https://mirrors.cloud.tencent.com/npm/detect-node/-/detect-node-2.1.0.tgz 1857ms (cache miss)
2029 http fetch GET 200 https://mirrors.cloud.tencent.com/npm/once/-/once-1.4.0.tgz 1857ms (cache miss)
2030 http fetch GET 200 https://mirrors.cloud.tencent.com/npm/define-properties/-/define-properties-1.2.1.tgz 1864ms (cache miss)
2031 http fetch GET 200 https://mirrors.cloud.tencent.com/npm/mimic-response/-/mimic-response-1.0.1.tgz 1888ms (cache miss)
2032 http fetch GET 200 https://mirrors.cloud.tencent.com/npm/postcss/-/postcss-8.5.23.tgz 1911ms (cache miss)
2033 http fetch GET 200 https://mirrors.cloud.tencent.com/npm/sprintf-js/-/sprintf-js-1.1.3.tgz 1907ms (cache miss)
2034 http fetch GET 200 https://mirrors.cloud.tencent.com/npm/end-of-stream/-/end-of-stream-1.4.5.tgz 1924ms (cache miss)
2035 http fetch GET 200 https://mirrors.cloud.tencent.com/npm/w3c-keyname/-/w3c-keyname-2.2.8.tgz 1962ms (cache miss)
2036 http fetch GET 200 https://mirrors.cloud.tencent.com/npm/@types/keyv/-/keyv-3.1.4.tgz 1970ms (cache miss)
2037 http fetch GET 200 https://mirrors.cloud.tencent.com/npm/keyv/-/keyv-4.5.4.tgz 2007ms (cache miss)
2038 http fetch GET 200 https://mirrors.cloud.tencent.com/npm/clone-response/-/clone-response-1.0.3.tgz 2026ms (cache miss)
2039 http fetch GET 200 https://mirrors.cloud.tencent.com/npm/p-cancelable/-/p-cancelable-2.1.1.tgz 2025ms (cache miss)
2040 http fetch GET 200 https://mirrors.cloud.tencent.com/npm/json-buffer/-/json-buffer-3.0.1.tgz 2039ms (cache miss)
2041 http fetch GET 200 https://mirrors.cloud.tencent.com/npm/@esbuild/win32-x64/-/win32-x64-0.25.12.tgz 2062ms (cache miss)
2042 http fetch GET 200 https://mirrors.cloud.tencent.com/npm/escape-string-regexp/-/escape-string-regexp-4.0.0.tgz 2041ms (cache miss)
2043 http fetch GET 200 https://mirrors.cloud.tencent.com/npm/rope-sequence/-/rope-sequence-1.3.4.tgz 2044ms (cache miss)
2044 http fetch GET 200 https://mirrors.cloud.tencent.com/npm/http-cache-semantics/-/http-cache-semantics-4.2.0.tgz 2043ms (cache miss)
2045 http fetch GET 200 https://mirrors.cloud.tencent.com/npm/lowercase-keys/-/lowercase-keys-2.0.0.tgz 2043ms (cache miss)
2046 http fetch GET 200 https://mirrors.cloud.tencent.com/npm/entities/-/entities-7.0.1.tgz 2081ms (cache miss)
2047 http fetch GET 200 https://mirrors.cloud.tencent.com/npm/normalize-url/-/normalize-url-6.1.0.tgz 2065ms (cache miss)
2048 http fetch GET 200 https://mirrors.cloud.tencent.com/npm/@types/http-cache-semantics/-/http-cache-semantics-4.2.0.tgz 2067ms (cache miss)
2049 http fetch GET 200 https://mirrors.cloud.tencent.com/npm/defer-to-connect/-/defer-to-connect-2.0.1.tgz 2127ms (cache miss)
2050 http fetch GET 200 https://mirrors.cloud.tencent.com/npm/responselike/-/responselike-2.0.1.tgz 2192ms (cache miss)
2051 http fetch GET 200 https://mirrors.cloud.tencent.com/npm/es6-error/-/es6-error-4.1.1.tgz 2188ms (cache miss)
2052 http fetch GET 200 https://mirrors.cloud.tencent.com/npm/cacheable-request/-/cacheable-request-7.0.4.tgz 2194ms (cache miss)
2053 http fetch GET 200 https://mirrors.cloud.tencent.com/npm/@szmarczak/http-timer/-/http-timer-4.0.6.tgz 2196ms (cache miss)
2054 http fetch GET 200 https://mirrors.cloud.tencent.com/npm/@babel/types/-/types-7.29.7.tgz 2246ms (cache miss)
2055 http fetch GET 200 https://mirrors.cloud.tencent.com/npm/http2-wrapper/-/http2-wrapper-1.0.3.tgz 2210ms (cache miss)
2056 http fetch GET 200 https://mirrors.cloud.tencent.com/npm/quick-lru/-/quick-lru-5.1.1.tgz 2240ms (cache miss)
2057 http fetch GET 200 https://mirrors.cloud.tencent.com/npm/decompress-response/-/decompress-response-6.0.0.tgz 2250ms (cache miss)
2058 http fetch GET 200 https://mirrors.cloud.tencent.com/npm/cacheable-lookup/-/cacheable-lookup-5.0.4.tgz 2249ms (cache miss)
2059 http fetch GET 200 https://mirrors.cloud.tencent.com/npm/@sindresorhus/is/-/is-4.6.0.tgz 2305ms (cache miss)
2060 http fetch GET 200 https://mirrors.cloud.tencent.com/npm/@types/cacheable-request/-/cacheable-request-6.0.3.tgz 2320ms (cache miss)
2061 http fetch GET 200 https://mirrors.cloud.tencent.com/npm/matcher/-/matcher-3.0.0.tgz 2331ms (cache miss)
2062 http fetch GET 200 https://mirrors.cloud.tencent.com/npm/@types/responselike/-/responselike-1.0.3.tgz 2345ms (cache miss)
2063 http fetch GET 200 https://mirrors.cloud.tencent.com/npm/@types/yauzl/-/yauzl-2.10.3.tgz 2340ms (cache miss)
2064 http fetch GET 200 https://mirrors.cloud.tencent.com/npm/serialize-error/-/serialize-error-7.0.1.tgz 2354ms (cache miss)
2065 http fetch GET 200 https://mirrors.cloud.tencent.com/npm/roarr/-/roarr-2.15.4.tgz 2372ms (cache miss)
2066 http fetch GET 200 https://mirrors.cloud.tencent.com/npm/graceful-fs/-/graceful-fs-4.2.11.tgz 2408ms (cache miss)
2067 http fetch GET 200 https://mirrors.cloud.tencent.com/npm/universalify/-/universalify-0.1.2.tgz 2410ms (cache miss)
2068 http fetch GET 200 https://mirrors.cloud.tencent.com/npm/ms/-/ms-2.1.3.tgz 2411ms (cache miss)
2069 http fetch GET 200 https://mirrors.cloud.tencent.com/npm/pump/-/pump-3.0.4.tgz 2421ms (cache miss)
2070 http fetch GET 200 https://mirrors.cloud.tencent.com/npm/jsonfile/-/jsonfile-4.0.0.tgz 2422ms (cache miss)
2071 http fetch GET 200 https://mirrors.cloud.tencent.com/npm/boolean/-/boolean-3.2.0.tgz 2433ms (cache miss)
2072 warn deprecated boolean@3.2.0: Package no longer supported. Contact Support at https://www.npmjs.com/support for more info.
2073 http fetch GET 200 https://mirrors.cloud.tencent.com/npm/yauzl/-/yauzl-2.10.0.tgz 2507ms (cache miss)
2074 http fetch GET 200 https://mirrors.cloud.tencent.com/npm/debug/-/debug-4.4.3.tgz 2512ms (cache miss)
2075 http fetch GET 200 https://mirrors.cloud.tencent.com/npm/progress/-/progress-2.0.3.tgz 2525ms (cache miss)
2076 http fetch GET 200 https://mirrors.cloud.tencent.com/npm/get-stream/-/get-stream-5.2.0.tgz 2549ms (cache miss)
2077 http fetch GET 200 https://mirrors.cloud.tencent.com/npm/undici-types/-/undici-types-6.21.0.tgz 2571ms (cache miss)
2078 http fetch GET 200 https://mirrors.cloud.tencent.com/npm/extract-zip/-/extract-zip-2.0.1.tgz 2581ms (cache miss)
2079 http fetch GET 200 https://mirrors.cloud.tencent.com/npm/color-convert/-/color-convert-2.0.1.tgz 2612ms (cache miss)
2080 http fetch GET 200 https://mirrors.cloud.tencent.com/npm/sumchecker/-/sumchecker-3.0.1.tgz 2669ms (cache miss)
2081 http fetch GET 200 https://mirrors.cloud.tencent.com/npm/semver/-/semver-6.3.1.tgz 2671ms (cache miss)
2082 http fetch GET 200 https://mirrors.cloud.tencent.com/npm/@electron/get/-/get-2.0.3.tgz 2687ms (cache miss)
2083 http fetch GET 200 https://mirrors.cloud.tencent.com/npm/tree-kill/-/tree-kill-1.2.2.tgz 2703ms (cache miss)
2084 http fetch GET 200 https://mirrors.cloud.tencent.com/npm/color-name/-/color-name-1.1.4.tgz 2704ms (cache miss)
2085 http fetch GET 200 https://mirrors.cloud.tencent.com/npm/env-paths/-/env-paths-2.2.1.tgz 2706ms (cache miss)
2086 http fetch GET 200 https://mirrors.cloud.tencent.com/npm/got/-/got-11.8.6.tgz 2709ms (cache miss)
2087 http fetch GET 200 https://mirrors.cloud.tencent.com/npm/ansi-styles/-/ansi-styles-4.3.0.tgz 2743ms (cache miss)
2088 http fetch GET 200 https://mirrors.cloud.tencent.com/npm/global-agent/-/global-agent-3.0.0.tgz 2781ms (cache miss)
2089 http fetch GET 200 https://mirrors.cloud.tencent.com/npm/fs-extra/-/fs-extra-8.1.0.tgz 2782ms (cache miss)
2090 http fetch GET 200 https://mirrors.cloud.tencent.com/npm/supports-color/-/supports-color-8.1.1.tgz 2786ms (cache miss)
2091 http fetch GET 200 https://mirrors.cloud.tencent.com/npm/@types/node/-/node-22.20.1.tgz 2853ms (cache miss)
2092 http fetch GET 200 https://mirrors.cloud.tencent.com/npm/@tiptap/extension-ordered-list/-/extension-ordered-list-3.29.1.tgz 2848ms (cache miss)
2093 http fetch GET 200 https://mirrors.cloud.tencent.com/npm/chalk/-/chalk-4.1.2.tgz 2866ms (cache miss)
2094 http fetch GET 200 https://mirrors.cloud.tencent.com/npm/shell-quote/-/shell-quote-1.9.0.tgz 2924ms (cache miss)
2095 http fetch GET 200 https://mirrors.cloud.tencent.com/npm/@tiptap/extension-underline/-/extension-underline-3.29.1.tgz 2925ms (cache miss)
2096 http fetch GET 200 https://mirrors.cloud.tencent.com/npm/@tiptap/extension-heading/-/extension-heading-3.29.1.tgz 2922ms (cache miss)
2097 http fetch GET 200 https://mirrors.cloud.tencent.com/npm/@tiptap/extension-list-item/-/extension-list-item-3.29.1.tgz 2933ms (cache miss)
2098 http fetch GET 200 https://mirrors.cloud.tencent.com/npm/@tiptap/extension-floating-menu/-/extension-floating-menu-3.29.1.tgz 2942ms (cache miss)
2099 http fetch GET 200 https://mirrors.cloud.tencent.com/npm/@tiptap/extension-text/-/extension-text-3.29.1.tgz 2949ms (cache miss)
2100 http fetch GET 200 https://mirrors.cloud.tencent.com/npm/yargs/-/yargs-17.7.2.tgz 2966ms (cache miss)
2101 http fetch GET 200 https://mirrors.cloud.tencent.com/npm/@tiptap/extension-bubble-menu/-/extension-bubble-menu-3.29.1.tgz 2980ms (cache miss)
2102 http fetch GET 200 https://mirrors.cloud.tencent.com/npm/@tiptap/extension-paragraph/-/extension-paragraph-3.29.1.tgz 3018ms (cache miss)
2103 http fetch GET 200 https://mirrors.cloud.tencent.com/npm/@tiptap/extension-strike/-/extension-strike-3.29.1.tgz 3018ms (cache miss)
2104 http fetch GET 200 https://mirrors.cloud.tencent.com/npm/@tiptap/extension-horizontal-rule/-/extension-horizontal-rule-3.29.1.tgz 3048ms (cache miss)
2105 http fetch GET 200 https://mirrors.cloud.tencent.com/npm/@tiptap/extension-italic/-/extension-italic-3.29.1.tgz 3051ms (cache miss)
2106 http fetch GET 200 https://mirrors.cloud.tencent.com/npm/@tiptap/extension-document/-/extension-document-3.29.1.tgz 3110ms (cache miss)
2107 http fetch GET 200 https://mirrors.cloud.tencent.com/npm/@tiptap/extension-list-keymap/-/extension-list-keymap-3.29.1.tgz 3130ms (cache miss)
2108 http fetch GET 200 https://mirrors.cloud.tencent.com/npm/@tiptap/extension-bold/-/extension-bold-3.29.1.tgz 3128ms (cache miss)
2109 http fetch GET 200 https://mirrors.cloud.tencent.com/npm/@tiptap/extension-code/-/extension-code-3.29.1.tgz 3132ms (cache miss)
2110 http fetch GET 200 https://mirrors.cloud.tencent.com/npm/@tiptap/extension-hard-break/-/extension-hard-break-3.29.1.tgz 3139ms (cache miss)
2111 http fetch GET 200 https://mirrors.cloud.tencent.com/npm/@tiptap/extension-dropcursor/-/extension-dropcursor-3.29.1.tgz 3150ms (cache miss)
2112 http fetch GET 200 https://mirrors.cloud.tencent.com/npm/lodash/-/lodash-4.18.1.tgz 3218ms (cache miss)
2113 http fetch GET 200 https://mirrors.cloud.tencent.com/npm/@tiptap/extension-gapcursor/-/extension-gapcursor-3.29.1.tgz 3200ms (cache miss)
2114 http fetch GET 200 https://mirrors.cloud.tencent.com/npm/@tiptap/extension-code-block/-/extension-code-block-3.29.1.tgz 3207ms (cache miss)
2115 http fetch GET 200 https://mirrors.cloud.tencent.com/npm/prosemirror-tables/-/prosemirror-tables-1.8.5.tgz 3214ms (cache miss)
2116 http fetch GET 200 https://mirrors.cloud.tencent.com/npm/@tiptap/extension-bullet-list/-/extension-bullet-list-3.29.1.tgz 3218ms (cache miss)
2117 http fetch GET 200 https://mirrors.cloud.tencent.com/npm/prosemirror-keymap/-/prosemirror-keymap-1.2.3.tgz 3228ms (cache miss)
2118 http fetch GET 200 https://mirrors.cloud.tencent.com/npm/@tiptap/extension-blockquote/-/extension-blockquote-3.29.1.tgz 3256ms (cache miss)
2119 http fetch GET 200 https://mirrors.cloud.tencent.com/npm/@tiptap/extension-list/-/extension-list-3.29.1.tgz 3273ms (cache miss)
2120 http fetch GET 200 https://mirrors.cloud.tencent.com/npm/prosemirror-inputrules/-/prosemirror-inputrules-1.5.1.tgz 3334ms (cache miss)
2121 http fetch GET 200 https://mirrors.cloud.tencent.com/npm/prosemirror-model/-/prosemirror-model-1.25.11.tgz 3359ms (cache miss)
2122 http fetch GET 200 https://mirrors.cloud.tencent.com/npm/prosemirror-schema-list/-/prosemirror-schema-list-1.5.1.tgz 3396ms (cache miss)
2123 http fetch GET 200 https://mirrors.cloud.tencent.com/npm/prosemirror-gapcursor/-/prosemirror-gapcursor-1.4.1.tgz 3393ms (cache miss)
2124 http fetch GET 200 https://mirrors.cloud.tencent.com/npm/prosemirror-transform/-/prosemirror-transform-1.12.0.tgz 3409ms (cache miss)
2125 http fetch GET 200 https://mirrors.cloud.tencent.com/npm/prosemirror-dropcursor/-/prosemirror-dropcursor-1.8.3.tgz 3441ms (cache miss)
2126 http fetch GET 200 https://mirrors.cloud.tencent.com/npm/prosemirror-state/-/prosemirror-state-1.4.4.tgz 3463ms (cache miss)
2127 http fetch GET 200 https://mirrors.cloud.tencent.com/npm/@floating-ui/utils/-/utils-0.2.12.tgz 3456ms (cache miss)
2128 http fetch GET 200 https://mirrors.cloud.tencent.com/npm/prosemirror-history/-/prosemirror-history-1.5.0.tgz 3459ms (cache miss)
2129 http fetch GET 200 https://mirrors.cloud.tencent.com/npm/prosemirror-view/-/prosemirror-view-1.42.2.tgz 3486ms (cache miss)
2130 http fetch GET 200 https://mirrors.cloud.tencent.com/npm/prosemirror-commands/-/prosemirror-commands-1.7.1.tgz 3492ms (cache miss)
2131 http fetch GET 200 https://mirrors.cloud.tencent.com/npm/@floating-ui/dom/-/dom-1.8.0.tgz 3490ms (cache miss)
2132 http fetch GET 200 https://mirrors.cloud.tencent.com/npm/@floating-ui/core/-/core-1.8.0.tgz 3566ms (cache miss)
2133 http fetch GET 200 https://mirrors.cloud.tencent.com/npm/linkifyjs/-/linkifyjs-4.3.3.tgz 3606ms (cache miss)
2134 http fetch GET 200 https://mirrors.cloud.tencent.com/npm/electron/-/electron-35.7.5.tgz 3623ms (cache miss)
2135 http fetch GET 200 https://mirrors.cloud.tencent.com/npm/@tiptap/vue-3/-/vue-3-3.29.1.tgz 3636ms (cache miss)
2136 http fetch GET 200 https://mirrors.cloud.tencent.com/npm/@tiptap/starter-kit/-/starter-kit-3.29.1.tgz 3670ms (cache miss)
2137 http fetch GET 200 https://mirrors.cloud.tencent.com/npm/prosemirror-changeset/-/prosemirror-changeset-2.4.1.tgz 3685ms (cache miss)
2138 http fetch GET 200 https://mirrors.cloud.tencent.com/npm/mimic-response/-/mimic-response-3.1.0.tgz 3707ms (cache miss)
2139 http fetch GET 200 https://mirrors.cloud.tencent.com/npm/wait-on/-/wait-on-8.0.5.tgz 3722ms (cache miss)
2140 http fetch GET 200 https://mirrors.cloud.tencent.com/npm/vite/-/vite-6.4.3.tgz 3735ms (cache miss)
2141 http fetch GET 200 https://mirrors.cloud.tencent.com/npm/@tiptap/extension-highlight/-/extension-highlight-3.29.1.tgz 3736ms (cache miss)
2142 http fetch GET 200 https://mirrors.cloud.tencent.com/npm/@tiptap/extension-link/-/extension-link-3.29.1.tgz 3793ms (cache miss)
2143 http fetch GET 200 https://mirrors.cloud.tencent.com/npm/@vitejs/plugin-vue/-/plugin-vue-5.2.4.tgz 3819ms (cache miss)
2144 http fetch GET 200 https://mirrors.cloud.tencent.com/npm/@tiptap/pm/-/pm-3.29.1.tgz 3820ms (cache miss)
2145 http fetch GET 200 https://mirrors.cloud.tencent.com/npm/supports-color/-/supports-color-7.2.0.tgz 3840ms (cache miss)
2146 http fetch GET 200 https://mirrors.cloud.tencent.com/npm/@tiptap/extension-image/-/extension-image-3.29.1.tgz 3899ms (cache miss)
2147 http fetch GET 200 https://mirrors.cloud.tencent.com/npm/vue/-/vue-3.5.40.tgz 3962ms (cache miss)
2148 http fetch GET 200 https://mirrors.cloud.tencent.com/npm/@tiptap/extension-placeholder/-/extension-placeholder-3.29.1.tgz 3970ms (cache miss)
2149 http fetch GET 200 https://mirrors.cloud.tencent.com/npm/concurrently/-/concurrently-9.2.4.tgz 3984ms (cache miss)
2150 http fetch GET 200 https://mirrors.cloud.tencent.com/npm/@tiptap/extensions/-/extensions-3.29.1.tgz 3984ms (cache miss)
2151 http fetch GET 200 https://mirrors.cloud.tencent.com/npm/semver/-/semver-7.8.5.tgz 3995ms (cache miss)
2152 http fetch GET 200 https://mirrors.cloud.tencent.com/npm/@tiptap/core/-/core-3.29.1.tgz 4429ms (cache miss)
2153 http fetch GET 200 https://mirrors.cloud.tencent.com/npm/rxjs/-/rxjs-7.8.2.tgz 8047ms (cache miss)
2154 info run electron@35.7.5 postinstall node_modules/electron node install.js
2155 info run esbuild@0.25.12 postinstall node_modules/esbuild node install.js
2156 info run esbuild@0.25.12 postinstall { code: 0, signal: null }
2157 info run electron@35.7.5 postinstall { code: 0, signal: null }
2158 silly ADD node_modules/pend
2159 silly ADD node_modules/fd-slicer
2160 silly ADD node_modules/buffer-crc32
2161 silly ADD node_modules/ansi-regex
2162 silly ADD node_modules/is-fullwidth-code-point
2163 silly ADD node_modules/emoji-regex
2164 silly ADD node_modules/wrap-ansi
2165 silly ADD node_modules/strip-ansi
2166 silly ADD node_modules/yargs-parser
2167 silly ADD node_modules/y18n
2168 silly ADD node_modules/string-width
2169 silly ADD node_modules/require-directory
2170 silly ADD node_modules/get-caller-file
2171 silly ADD node_modules/escalade
2172 silly ADD node_modules/cliui
2173 silly ADD node_modules/mime-db
2174 silly ADD node_modules/@standard-schema/spec
2175 silly ADD node_modules/@hapi/topo
2176 silly ADD node_modules/@hapi/tlds
2177 silly ADD node_modules/@hapi/pinpoint
2178 silly ADD node_modules/@hapi/hoek
2179 silly ADD node_modules/@hapi/formula
2180 silly ADD node_modules/@hapi/address
2181 silly ADD node_modules/agent-base
2182 silly ADD node_modules/dunder-proto
2183 silly ADD node_modules/math-intrinsics
2184 silly ADD node_modules/has-symbols
2185 silly ADD node_modules/get-proto
2186 silly ADD node_modules/function-bind
2187 silly ADD node_modules/es-object-atoms
2188 silly ADD node_modules/call-bind-apply-helpers
2189 silly ADD node_modules/has-tostringtag
2190 silly ADD node_modules/get-intrinsic
2191 silly ADD node_modules/delayed-stream
2192 silly ADD node_modules/mime-types
2193 silly ADD node_modules/hasown
2194 silly ADD node_modules/es-set-tostringtag
2195 silly ADD node_modules/combined-stream
2196 silly ADD node_modules/asynckit
2197 silly ADD node_modules/proxy-from-env
2198 silly ADD node_modules/https-proxy-agent
2199 silly ADD node_modules/form-data
2200 silly ADD node_modules/follow-redirects
2201 silly ADD node_modules/minimist
2202 silly ADD node_modules/lodash
2203 silly ADD node_modules/joi
2204 silly ADD node_modules/axios
2205 silly ADD node_modules/@jridgewell/sourcemap-codec
2206 silly ADD node_modules/csstype
2207 silly ADD node_modules/@vue/runtime-core
2208 silly ADD node_modules/@vue/reactivity
2209 silly ADD node_modules/magic-string
2210 silly ADD node_modules/@vue/compiler-ssr
2211 silly ADD node_modules/@babel/helper-validator-identifier
2212 silly ADD node_modules/@babel/helper-string-parser
2213 silly ADD node_modules/@babel/types
2214 silly ADD node_modules/estree-walker
2215 silly ADD node_modules/entities
2216 silly ADD node_modules/@babel/parser
2217 silly ADD node_modules/@vue/compiler-core
2218 silly ADD node_modules/@vue/shared
2219 silly ADD node_modules/@vue/server-renderer
2220 silly ADD node_modules/@vue/runtime-dom
2221 silly ADD node_modules/@vue/compiler-sfc
2222 silly ADD node_modules/@vue/compiler-dom
2223 silly ADD node_modules/@types/estree
2224 silly ADD node_modules/@rollup/rollup-win32-x64-msvc
2225 silly ADD node_modules/@rollup/rollup-win32-x64-gnu
2226 silly ADD node_modules/source-map-js
2227 silly ADD node_modules/picocolors
2228 silly ADD node_modules/nanoid
2229 silly ADD node_modules/@esbuild/win32-x64
2230 silly ADD node_modules/tinyglobby
2231 silly ADD node_modules/rollup
2232 silly ADD node_modules/postcss
2233 silly ADD node_modules/picomatch
2234 silly ADD node_modules/fdir
2235 silly ADD node_modules/esbuild
2236 silly ADD node_modules/has-flag
2237 silly ADD node_modules/type-fest
2238 silly ADD node_modules/tslib
2239 silly ADD node_modules/es-errors
2240 silly ADD node_modules/es-define-property
2241 silly ADD node_modules/object-keys
2242 silly ADD node_modules/has-property-descriptors
2243 silly ADD node_modules/define-data-property
2244 silly ADD node_modules/gopd
2245 silly ADD node_modules/define-properties
2246 silly ADD node_modules/sprintf-js
2247 silly ADD node_modules/semver-compare
2248 silly ADD node_modules/json-stringify-safe
2249 silly ADD node_modules/globalthis
2250 silly ADD node_modules/detect-node
2251 silly ADD node_modules/wrappy
2252 silly ADD node_modules/once
2253 silly ADD node_modules/end-of-stream
2254 silly ADD node_modules/orderedmap
2255 silly ADD node_modules/w3c-keyname
2256 silly ADD node_modules/rope-sequence
2257 silly ADD node_modules/escape-string-regexp
2258 silly ADD node_modules/json-buffer
2259 silly ADD node_modules/resolve-alpn
2260 silly ADD node_modules/quick-lru
2261 silly ADD node_modules/mimic-response
2262 silly ADD node_modules/normalize-url
2263 silly ADD node_modules/keyv
2264 silly ADD node_modules/http-cache-semantics
2265 silly ADD node_modules/clone-response
2266 silly ADD node_modules/@types/keyv
2267 silly ADD node_modules/@types/http-cache-semantics
2268 silly ADD node_modules/defer-to-connect
2269 silly ADD node_modules/responselike
2270 silly ADD node_modules/p-cancelable
2271 silly ADD node_modules/lowercase-keys
2272 silly ADD node_modules/http2-wrapper
2273 silly ADD node_modules/decompress-response
2274 silly ADD node_modules/decompress-response/node_modules/mimic-response
2275 silly ADD node_modules/cacheable-request
2276 silly ADD node_modules/cacheable-lookup
2277 silly ADD node_modules/@types/responselike
2278 silly ADD node_modules/@types/cacheable-request
2279 silly ADD node_modules/@szmarczak/http-timer
2280 silly ADD node_modules/@sindresorhus/is
2281 silly ADD node_modules/serialize-error
2282 silly ADD node_modules/roarr
2283 silly ADD node_modules/matcher
2284 silly ADD node_modules/es6-error
2285 silly ADD node_modules/boolean
2286 silly ADD node_modules/pump
2287 silly ADD node_modules/universalify
2288 silly ADD node_modules/jsonfile
2289 silly ADD node_modules/graceful-fs
2290 silly ADD node_modules/yauzl
2291 silly ADD node_modules/get-stream
2292 silly ADD node_modules/@types/yauzl
2293 silly ADD node_modules/ms
2294 silly ADD node_modules/undici-types
2295 silly ADD node_modules/sumchecker
2296 silly ADD node_modules/semver
2297 silly ADD node_modules/progress
2298 silly ADD node_modules/got
2299 silly ADD node_modules/global-agent
2300 silly ADD node_modules/global-agent/node_modules/semver
2301 silly ADD node_modules/fs-extra
2302 silly ADD node_modules/env-paths
2303 silly ADD node_modules/debug
2304 silly ADD node_modules/extract-zip
2305 silly ADD node_modules/@types/node
2306 silly ADD node_modules/@electron/get
2307 silly ADD node_modules/color-name
2308 silly ADD node_modules/color-convert
2309 silly ADD node_modules/ansi-styles
2310 silly ADD node_modules/yargs
2311 silly ADD node_modules/tree-kill
2312 silly ADD node_modules/supports-color
2313 silly ADD node_modules/shell-quote
2314 silly ADD node_modules/rxjs
2315 silly ADD node_modules/chalk
2316 silly ADD node_modules/chalk/node_modules/supports-color
2317 silly ADD node_modules/@tiptap/extension-floating-menu
2318 silly ADD node_modules/@tiptap/extension-bubble-menu
2319 silly ADD node_modules/@tiptap/extension-underline
2320 silly ADD node_modules/@tiptap/extension-text
2321 silly ADD node_modules/@tiptap/extension-strike
2322 silly ADD node_modules/@tiptap/extension-paragraph
2323 silly ADD node_modules/@tiptap/extension-ordered-list
2324 silly ADD node_modules/@tiptap/extension-list-keymap
2325 silly ADD node_modules/@tiptap/extension-list-item
2326 silly ADD node_modules/@tiptap/extension-italic
2327 silly ADD node_modules/@tiptap/extension-horizontal-rule
2328 silly ADD node_modules/@tiptap/extension-heading
2329 silly ADD node_modules/@tiptap/extension-hard-break
2330 silly ADD node_modules/@tiptap/extension-gapcursor
2331 silly ADD node_modules/@tiptap/extension-dropcursor
2332 silly ADD node_modules/@tiptap/extension-document
2333 silly ADD node_modules/@tiptap/extension-code-block
2334 silly ADD node_modules/@tiptap/extension-code
2335 silly ADD node_modules/@tiptap/extension-list
2336 silly ADD node_modules/@tiptap/extension-bullet-list
2337 silly ADD node_modules/@tiptap/extension-bold
2338 silly ADD node_modules/@tiptap/extension-blockquote
2339 silly ADD node_modules/prosemirror-view
2340 silly ADD node_modules/prosemirror-transform
2341 silly ADD node_modules/prosemirror-tables
2342 silly ADD node_modules/prosemirror-state
2343 silly ADD node_modules/prosemirror-schema-list
2344 silly ADD node_modules/prosemirror-model
2345 silly ADD node_modules/prosemirror-keymap
2346 silly ADD node_modules/prosemirror-inputrules
2347 silly ADD node_modules/prosemirror-history
2348 silly ADD node_modules/prosemirror-gapcursor
2349 silly ADD node_modules/prosemirror-dropcursor
2350 silly ADD node_modules/prosemirror-commands
2351 silly ADD node_modules/prosemirror-changeset
2352 silly ADD node_modules/linkifyjs
2353 silly ADD node_modules/@floating-ui/utils
2354 silly ADD node_modules/@floating-ui/core
2355 silly ADD node_modules/wait-on
2356 silly ADD node_modules/electron
2357 silly ADD node_modules/concurrently
2358 silly ADD node_modules/vite
2359 silly ADD node_modules/@vitejs/plugin-vue
2360 silly ADD node_modules/@floating-ui/dom
2361 silly ADD node_modules/vue
2362 silly ADD node_modules/@tiptap/vue-3
2363 silly ADD node_modules/@tiptap/starter-kit
2364 silly ADD node_modules/@tiptap/extensions
2365 silly ADD node_modules/@tiptap/extension-placeholder
2366 silly ADD node_modules/@tiptap/extension-link
2367 silly ADD node_modules/@tiptap/extension-image
2368 silly ADD node_modules/@tiptap/pm
2369 silly ADD node_modules/@tiptap/core
2370 silly ADD node_modules/@tiptap/extension-highlight
2371 verbose cwd D:\Vue\ExerciseProject\localNote
2372 verbose os Windows_NT 10.0.26200
2373 verbose node v24.12.0
2374 verbose npm  v11.6.2
2375 notice
2375 notice New minor version of npm available! 11.6.2 -> 11.18.0
2375 notice Changelog: https://github.com/npm/cli/releases/tag/v11.18.0
2375 notice To update run: npm install -g npm@11.18.0
2375 notice  { force: true, Symbol(proc-log.meta): true }
2376 verbose exit 0
2377 info ok
